score	row	col	user
125	1	1	xxx
119	1	2	xxx
119	1	3	xxx
121	1	4	xxx
125	1	5	xxx
118	1	6	xxx
119	1	7	xxx
120	1	8	xxx
115	1	9	xxx
116	1	10	xxx
112	1	11	xxx
112	1	12	xxx
114	1	13	xxx
112	1	14	xxx
114	1	15	xxx
112	1	16	xxx
112	1	17	xxx
112	1	18	xxx
113	1	19	xxx
115	1	20	xxx
111	1	21	xxx
117	1	22	xxx
111	1	23	xxx
113	1	24	xxx
114	1	25	xxx
111	1	26	xxx
110	1	27	xxx
109	1	28	xxx
109	1	29	xxx
111	1	30	xxx
111	1	31	xxx
113	1	32	xxx
112	1	33	xxx
110	1	34	xxx
110	1	35	xxx
112	1	36	xxx
111	1	37	xxx
117	1	38	xxx
116	1	39	xxx
115	1	40	xxx
114	1	41	xxx
114	1	42	xxx
114	1	43	xxx
114	1	44	xxx
114	1	45	xxx
116	1	46	xxx
116	1	47	xxx
114	1	48	xxx
114	1	49	xxx
114	1	50	xxx
118	1	51	xxx
116	1	52	xxx
115	1	53	xxx
119	1	54	xxx
115	1	55	xxx
120	1	56	xxx
114	1	57	xxx
116	1	58	xxx
114	1	59	xxx
115	1	60	xxx
113	1	61	xxx
115	1	62	xxx
115	1	63	xxx
114	1	64	xxx
118	1	65	xxx
113	1	66	xxx
114	1	67	xxx
112	1	68	xxx
116	1	69	xxx
114	1	70	xxx
112	1	71	xxx
114	1	72	xxx
112	1	73	xxx
112	1	74	xxx
112	1	75	xxx
115	1	76	xxx
111	1	77	xxx
111	1	78	xxx
111	1	79	xxx
114	1	80	xxx
113	1	81	xxx
110	1	82	xxx
109	1	83	xxx
109	1	84	xxx
109	1	85	xxx
109	1	86	xxx
109	1	87	xxx
109	1	88	xxx
109	1	89	xxx
109	1	90	xxx
109	1	91	xxx
111	1	92	xxx
109	1	93	xxx
108	1	94	xxx
108	1	95	xxx
108	1	96	xxx
110	1	97	xxx
108	1	98	xxx
109	1	99	xxx
107	1	100	xxx
107	1	101	xxx
107	1	102	xxx
107	1	103	xxx
107	1	104	xxx
107	1	105	xxx
107	1	106	xxx
107	1	107	xxx
109	1	108	xxx
108	1	109	xxx
108	1	110	xxx
110	1	111	xxx
108	1	112	xxx
110	1	113	xxx
108	1	114	xxx
108	1	115	xxx
110	1	116	xxx
108	1	117	xxx
108	1	118	xxx
110	1	119	xxx
109	1	120	xxx
108	1	121	xxx
112	1	122	xxx
108	1	123	xxx
108	1	124	xxx
110	1	125	xxx
108	1	126	xxx
108	1	127	xxx
109	1	128	xxx
110	1	129	xxx
106	1	130	xxx
108	1	131	xxx
106	1	132	xxx
108	1	133	xxx
107	1	134	xxx
107	1	135	xxx
107	1	136	xxx
107	1	137	xxx
107	1	138	xxx
107	1	139	xxx
107	1	140	xxx
110	1	141	xxx
108	1	142	xxx
106	1	143	xxx
108	1	144	xxx
106	1	145	xxx
107	1	146	xxx
107	1	147	xxx
105	1	148	xxx
105	1	149	xxx
107	1	150	xxx
105	1	151	xxx
105	1	152	xxx
108	1	153	xxx
106	1	154	xxx
104	1	155	xxx
104	1	156	xxx
106	1	157	xxx
104	1	158	xxx
104	1	159	xxx
104	1	160	xxx
104	1	161	xxx
104	1	162	xxx
106	1	163	xxx
104	1	164	xxx
104	1	165	xxx
104	1	166	xxx
104	1	167	xxx
106	1	168	xxx
106	1	169	xxx
103	1	170	xxx
103	1	171	xxx
103	1	172	xxx
103	1	173	xxx
105	1	174	xxx
103	1	175	xxx
103	1	176	xxx
103	1	177	xxx
103	1	178	xxx
103	1	179	xxx
105	1	180	xxx
104	1	181	xxx
104	1	182	xxx
104	1	183	xxx
104	1	184	xxx
104	1	185	xxx
104	1	186	xxx
104	1	187	xxx
104	1	188	xxx
104	1	189	xxx
104	1	190	xxx
105	1	191	xxx
103	1	192	xxx
103	1	193	xxx
103	1	194	xxx
103	1	195	xxx
103	1	196	xxx
104	1	197	xxx
105	1	198	xxx
103	1	199	xxx
103	1	200	xxx
103	1	201	xxx
103	1	202	xxx
103	1	203	xxx
103	1	204	xxx
103	1	205	xxx
103	1	206	xxx
103	1	207	xxx
103	1	208	xxx
103	1	209	xxx
103	1	210	xxx
104	1	211	xxx
104	1	212	xxx
104	1	213	xxx
102	1	214	xxx
102	1	215	xxx
102	1	216	xxx
102	1	217	xxx
102	1	218	xxx
104	1	219	xxx
104	1	220	xxx
103	1	221	xxx
104	1	222	xxx
102	1	223	xxx
102	1	224	xxx
102	1	225	xxx
102	1	226	xxx
102	1	227	xxx
102	1	228	xxx
102	1	229	xxx
102	1	230	xxx
102	1	231	xxx
102	1	232	xxx
102	1	233	xxx
102	1	234	xxx
102	1	235	xxx
102	1	236	xxx
102	1	237	xxx
102	1	238	xxx
102	1	239	xxx
102	1	240	xxx
102	1	241	xxx
102	1	242	xxx
102	1	243	xxx
104	1	244	xxx
104	1	245	xxx
104	1	246	xxx
106	1	247	xxx
102	1	248	xxx
102	1	249	xxx
102	1	250	xxx
102	1	251	xxx
104	1	252	xxx
103	1	253	xxx
102	1	254	xxx
104	1	255	xxx
103	1	256	xxx
103	1	257	xxx
105	1	258	xxx
103	1	259	xxx
103	1	260	xxx
105	1	261	xxx
103	1	262	xxx
105	1	263	xxx
103	1	264	xxx
103	1	265	xxx
103	1	266	xxx
103	1	267	xxx
103	1	268	xxx
105	1	269	xxx
104	1	270	xxx
103	1	271	xxx
105	1	272	xxx
105	1	273	xxx
104	1	274	xxx
106	1	275	xxx
106	1	276	xxx
104	1	277	xxx
104	1	278	xxx
106	1	279	xxx
104	1	280	xxx
104	1	281	xxx
104	1	282	xxx
104	1	283	xxx
104	1	284	xxx
104	1	285	xxx
104	1	286	xxx
104	1	287	xxx
104	1	288	xxx
111	1	289	xxx
106	1	290	xxx
106	1	291	xxx
106	1	292	xxx
108	1	293	xxx
106	1	294	xxx
106	1	295	xxx
109	1	296	xxx
105	1	297	xxx
105	1	298	xxx
108	1	299	xxx
109	1	300	xxx
103	1	301	xxx
103	1	302	xxx
105	1	303	xxx
103	1	304	xxx
106	1	305	xxx
104	1	306	xxx
102	1	307	xxx
102	1	308	xxx
104	1	309	xxx
102	1	310	xxx
102	1	311	xxx
102	1	312	xxx
102	1	313	xxx
104	1	314	xxx
103	1	315	xxx
102	1	316	xxx
102	1	317	xxx
102	1	318	xxx
103	1	319	xxx
101	1	320	xxx
103	1	321	xxx
101	1	322	xxx
100	1	323	xxx
102	1	324	xxx
100	1	325	xxx
100	1	326	xxx
102	1	327	xxx
100	1	328	xxx
100	1	329	xxx
100	1	330	xxx
103	1	331	xxx
101	1	332	xxx
99	1	333	xxx
99	1	334	xxx
99	1	335	xxx
100	1	336	xxx
98	1	337	xxx
98	1	338	xxx
98	1	339	xxx
98	1	340	xxx
100	1	341	xxx
98	1	342	xxx
98	1	343	xxx
98	1	344	xxx
98	1	345	xxx
98	1	346	xxx
98	1	347	xxx
98	1	348	xxx
98	1	349	xxx
98	1	350	xxx
100	1	351	xxx
98	1	352	xxx
98	1	353	xxx
98	1	354	xxx
98	1	355	xxx
98	1	356	xxx
98	1	357	xxx
98	1	358	xxx
98	1	359	xxx
98	1	360	xxx
98	1	361	xxx
100	1	362	xxx
99	1	363	xxx
98	1	364	xxx
98	1	365	xxx
98	1	366	xxx
98	1	367	xxx
98	1	368	xxx
98	1	369	xxx
98	1	370	xxx
98	1	371	xxx
98	1	372	xxx
98	1	373	xxx
98	1	374	xxx
98	1	375	xxx
98	1	376	xxx
98	1	377	xxx
100	1	378	xxx
98	1	379	xxx
98	1	380	xxx
98	1	381	xxx
100	1	382	xxx
98	1	383	xxx
98	1	384	xxx
98	1	385	xxx
100	1	386	xxx
100	1	387	xxx
99	1	388	xxx
99	1	389	xxx
101	1	390	xxx
99	1	391	xxx
99	1	392	xxx
99	1	393	xxx
99	1	394	xxx
99	1	395	xxx
99	1	396	xxx
99	1	397	xxx
99	1	398	xxx
101	1	399	xxx
101	1	400	xxx
101	1	401	xxx
101	1	402	xxx
100	1	403	xxx
100	1	404	xxx
100	1	405	xxx
104	1	406	xxx
100	1	407	xxx
102	1	408	xxx
103	1	409	xxx
102	1	410	xxx
100	1	411	xxx
100	1	412	xxx
100	1	413	xxx
100	1	414	xxx
100	1	415	xxx
100	1	416	xxx
100	1	417	xxx
100	1	418	xxx
100	1	419	xxx
100	1	420	xxx
100	1	421	xxx
100	1	422	xxx
109	1	423	xxx
100	1	424	xxx
100	1	425	xxx
100	1	426	xxx
100	1	427	xxx
100	1	428	xxx
102	1	429	xxx
100	1	430	xxx
100	1	431	xxx
100	1	432	xxx
100	1	433	xxx
100	1	434	xxx
102	1	435	xxx
101	1	436	xxx
103	1	437	xxx
102	1	438	xxx
102	1	439	xxx
101	1	440	xxx
102	1	441	xxx
101	1	442	xxx
101	1	443	xxx
101	1	444	xxx
102	1	445	xxx
101	1	446	xxx
103	1	447	xxx
101	1	448	xxx
105	1	449	xxx
104	1	450	xxx
103	1	451	xxx
103	1	452	xxx
105	1	453	xxx
108	1	454	xxx
104	1	455	xxx
104	1	456	xxx
106	1	457	xxx
106	1	458	xxx
107	1	459	xxx
105	1	460	xxx
105	1	461	xxx
105	1	462	xxx
107	1	463	xxx
109	1	464	xxx
108	1	465	xxx
106	1	466	xxx
106	1	467	xxx
106	1	468	xxx
107	1	469	xxx
107	1	470	xxx
109	1	471	xxx
105	1	472	xxx
103	1	473	xxx
103	1	474	xxx
107	1	475	xxx
105	1	476	xxx
105	1	477	xxx
104	1	478	xxx
106	1	479	xxx
106	1	480	xxx
102	1	481	xxx
104	1	482	xxx
102	1	483	xxx
104	1	484	xxx
105	1	485	xxx
98	1	486	xxx
101	1	487	xxx
98	1	488	xxx
98	1	489	xxx
98	1	490	xxx
98	1	491	xxx
98	1	492	xxx
98	1	493	xxx
99	1	494	xxx
97	1	495	xxx
103	1	496	xxx
97	1	497	xxx
99	1	498	xxx
97	1	499	xxx
96	1	500	xxx
96	1	501	xxx
96	1	502	xxx
98	1	503	xxx
100	1	504	xxx
100	1	505	xxx
97	1	506	xxx
98	1	507	xxx
98	1	508	xxx
98	1	509	xxx
99	1	510	xxx
96	1	511	xxx
96	1	512	xxx
98	1	513	xxx
97	1	514	xxx
98	1	515	xxx
94	1	516	xxx
94	1	517	xxx
94	1	518	xxx
94	1	519	xxx
95	1	520	xxx
93	1	521	xxx
95	1	522	xxx
93	1	523	xxx
95	1	524	xxx
94	1	525	xxx
93	1	526	xxx
91	1	527	xxx
91	1	528	xxx
100	1	529	xxx
89	1	530	xxx
87	1	531	xxx
87	1	532	xxx
87	1	533	xxx
89	1	534	xxx
87	1	535	xxx
87	1	536	xxx
87	1	537	xxx
90	1	538	xxx
86	1	539	xxx
86	1	540	xxx
88	1	541	xxx
86	1	542	xxx
86	1	543	xxx
86	1	544	xxx
86	1	545	xxx
86	1	546	xxx
86	1	547	xxx
86	1	548	xxx
86	1	549	xxx
86	1	550	xxx
86	1	551	xxx
86	1	552	xxx
88	1	553	xxx
86	1	554	xxx
86	1	555	xxx
88	1	556	xxx
88	1	557	xxx
87	1	558	xxx
86	1	559	xxx
87	1	560	xxx
86	1	561	xxx
86	1	562	xxx
87	1	563	xxx
86	1	564	xxx
86	1	565	xxx
86	1	566	xxx
90	1	567	xxx
86	1	568	xxx
86	1	569	xxx
86	1	570	xxx
86	1	571	xxx
88	1	572	xxx
88	1	573	xxx
89	1	574	xxx
87	1	575	xxx
87	1	576	xxx
87	1	577	xxx
87	1	578	xxx
87	1	579	xxx
88	1	580	xxx
88	1	581	xxx
86	1	582	xxx
86	1	583	xxx
86	1	584	xxx
86	1	585	xxx
86	1	586	xxx
86	1	587	xxx
86	1	588	xxx
86	1	589	xxx
86	1	590	xxx
86	1	591	xxx
86	1	592	xxx
86	1	593	xxx
86	1	594	xxx
89	1	595	xxx
86	1	596	xxx
88	1	597	xxx
88	1	598	xxx
86	1	599	xxx
86	1	600	xxx
86	1	601	xxx
86	1	602	xxx
88	1	603	xxx
87	1	604	xxx
87	1	605	xxx
87	1	606	xxx
87	1	607	xxx
87	1	608	xxx
87	1	609	xxx
87	1	610	xxx
87	1	611	xxx
87	1	612	xxx
87	1	613	xxx
89	1	614	xxx
89	1	615	xxx
87	1	616	xxx
87	1	617	xxx
87	1	618	xxx
87	1	619	xxx
87	1	620	xxx
87	1	621	xxx
87	1	622	xxx
87	1	623	xxx
89	1	624	xxx
87	1	625	xxx
89	1	626	xxx
87	1	627	xxx
87	1	628	xxx
87	1	629	xxx
89	1	630	xxx
87	1	631	xxx
89	1	632	xxx
87	1	633	xxx
87	1	634	xxx
87	1	635	xxx
87	1	636	xxx
89	1	637	xxx
88	1	638	xxx
87	1	639	xxx
87	1	640	xxx
87	1	641	xxx
89	1	642	xxx
88	1	643	xxx
88	1	644	xxx
88	1	645	xxx
88	1	646	xxx
88	1	647	xxx
88	1	648	xxx
88	1	649	xxx
92	1	650	xxx
90	1	651	xxx
90	1	652	xxx
88	1	653	xxx
88	1	654	xxx
90	1	655	xxx
89	1	656	xxx
89	1	657	xxx
89	1	658	xxx
89	1	659	xxx
89	1	660	xxx
89	1	661	xxx
89	1	662	xxx
89	1	663	xxx
91	1	664	xxx
102	1	665	xxx
89	1	666	xxx
89	1	667	xxx
89	1	668	xxx
89	1	669	xxx
90	1	670	xxx
89	1	671	xxx
87	1	672	xxx
91	1	673	xxx
89	1	674	xxx
88	1	675	xxx
86	1	676	xxx
85	1	677	xxx
83	1	678	xxx
83	1	679	xxx
83	1	680	xxx
84	1	681	xxx
82	1	682	xxx
82	1	683	xxx
82	1	684	xxx
84	1	685	xxx
82	1	686	xxx
83	1	687	xxx
81	1	688	xxx
81	1	689	xxx
82	1	690	xxx
82	1	691	xxx
80	1	692	xxx
80	1	693	xxx
80	1	694	xxx
80	1	695	xxx
80	1	696	xxx
82	1	697	xxx
78	1	698	xxx
78	1	699	xxx
78	1	700	xxx
78	1	701	xxx
78	1	702	xxx
80	1	703	xxx
79	1	704	xxx
78	1	705	xxx
78	1	706	xxx
78	1	707	xxx
78	1	708	xxx
78	1	709	xxx
78	1	710	xxx
81	1	711	xxx
77	1	712	xxx
77	1	713	xxx
77	1	714	xxx
78	1	715	xxx
76	1	716	xxx
76	1	717	xxx
77	1	718	xxx
75	1	719	xxx
76	1	720	xxx
76	1	721	xxx
74	1	722	xxx
74	1	723	xxx
74	1	724	xxx
74	1	725	xxx
74	1	726	xxx
74	1	727	xxx
74	1	728	xxx
74	1	729	xxx
74	1	730	xxx
74	1	731	xxx
74	1	732	xxx
74	1	733	xxx
74	1	734	xxx
74	1	735	xxx
74	1	736	xxx
74	1	737	xxx
74	1	738	xxx
74	1	739	xxx
74	1	740	xxx
74	1	741	xxx
74	1	742	xxx
74	1	743	xxx
74	1	744	xxx
74	1	745	xxx
74	1	746	xxx
74	1	747	xxx
76	1	748	xxx
74	1	749	xxx
74	1	750	xxx
74	1	751	xxx
74	1	752	xxx
74	1	753	xxx
74	1	754	xxx
74	1	755	xxx
74	1	756	xxx
74	1	757	xxx
74	1	758	xxx
74	1	759	xxx
74	1	760	xxx
74	1	761	xxx
74	1	762	xxx
74	1	763	xxx
74	1	764	xxx
74	1	765	xxx
74	1	766	xxx
74	1	767	xxx
74	1	768	xxx
74	1	769	xxx
74	1	770	xxx
74	1	771	xxx
76	1	772	xxx
75	1	773	xxx
74	1	774	xxx
74	1	775	xxx
74	1	776	xxx
76	1	777	xxx
74	1	778	xxx
74	1	779	xxx
74	1	780	xxx
74	1	781	xxx
74	1	782	xxx
74	1	783	xxx
78	1	784	xxx
75	1	785	xxx
75	1	786	xxx
75	1	787	xxx
75	1	788	xxx
75	1	789	xxx
75	1	790	xxx
75	1	791	xxx
75	1	792	xxx
77	1	793	xxx
75	1	794	xxx
77	1	795	xxx
75	1	796	xxx
75	1	797	xxx
77	1	798	xxx
75	1	799	xxx
75	1	800	xxx
75	1	801	xxx
77	1	802	xxx
75	1	803	xxx
75	1	804	xxx
75	1	805	xxx
75	1	806	xxx
75	1	807	xxx
75	1	808	xxx
75	1	809	xxx
75	1	810	xxx
75	1	811	xxx
75	1	812	xxx
75	1	813	xxx
75	1	814	xxx
75	1	815	xxx
75	1	816	xxx
75	1	817	xxx
75	1	818	xxx
75	1	819	xxx
75	1	820	xxx
77	1	821	xxx
76	1	822	xxx
78	1	823	xxx
76	1	824	xxx
76	1	825	xxx
76	1	826	xxx
76	1	827	xxx
76	1	828	xxx
76	1	829	xxx
76	1	830	xxx
76	1	831	xxx
76	1	832	xxx
76	1	833	xxx
76	1	834	xxx
79	1	835	xxx
75	1	836	xxx
75	1	837	xxx
77	1	838	xxx
77	1	839	xxx
75	1	840	xxx
75	1	841	xxx
81	1	842	xxx
78	1	843	xxx
75	1	844	xxx
75	1	845	xxx
75	1	846	xxx
75	1	847	xxx
75	1	848	xxx
75	1	849	xxx
75	1	850	xxx
75	1	851	xxx
75	1	852	xxx
75	1	853	xxx
75	1	854	xxx
75	1	855	xxx
75	1	856	xxx
75	1	857	xxx
75	1	858	xxx
75	1	859	xxx
75	1	860	xxx
75	1	861	xxx
75	1	862	xxx
75	1	863	xxx
75	1	864	xxx
75	1	865	xxx
75	1	866	xxx
75	1	867	xxx
75	1	868	xxx
77	1	869	xxx
75	1	870	xxx
75	1	871	xxx
76	1	872	xxx
74	1	873	xxx
74	1	874	xxx
74	1	875	xxx
74	1	876	xxx
76	1	877	xxx
74	1	878	xxx
74	1	879	xxx
74	1	880	xxx
74	1	881	xxx
74	1	882	xxx
76	1	883	xxx
74	1	884	xxx
74	1	885	xxx
74	1	886	xxx
74	1	887	xxx
74	1	888	xxx
76	1	889	xxx
76	1	890	xxx
75	1	891	xxx
76	1	892	xxx
74	1	893	xxx
74	1	894	xxx
74	1	895	xxx
74	1	896	xxx
74	1	897	xxx
76	1	898	xxx
74	1	899	xxx
74	1	900	xxx
74	1	901	xxx
74	1	902	xxx
74	1	903	xxx
76	1	904	xxx
75	1	905	xxx
76	1	906	xxx
75	1	907	xxx
75	1	908	xxx
75	1	909	xxx
75	1	910	xxx
75	1	911	xxx
75	1	912	xxx
75	1	913	xxx
75	1	914	xxx
75	1	915	xxx
75	1	916	xxx
75	1	917	xxx
75	1	918	xxx
75	1	919	xxx
75	1	920	xxx
75	1	921	xxx
75	1	922	xxx
75	1	923	xxx
75	1	924	xxx
75	1	925	xxx
75	1	926	xxx
76	1	927	xxx
75	1	928	xxx
75	1	929	xxx
75	1	930	xxx
75	1	931	xxx
75	1	932	xxx
75	1	933	xxx
75	1	934	xxx
75	1	935	xxx
75	1	936	xxx
77	1	937	xxx
75	1	938	xxx
77	1	939	xxx
75	1	940	xxx
75	1	941	xxx
81	1	942	xxx
75	1	943	xxx
76	1	944	xxx
75	1	945	xxx
73	1	946	xxx
73	1	947	xxx
73	1	948	xxx
73	1	949	xxx
73	1	950	xxx
75	1	951	xxx
74	1	952	xxx
72	1	953	xxx
72	1	954	xxx
76	1	955	xxx
72	1	956	xxx
74	1	957	xxx
77	1	958	xxx
77	1	959	xxx
73	1	960	xxx
73	1	961	xxx
71	1	962	xxx
71	1	963	xxx
71	1	964	xxx
71	1	965	xxx
71	1	966	xxx
71	1	967	xxx
71	1	968	xxx
71	1	969	xxx
71	1	970	xxx
71	1	971	xxx
71	1	972	xxx
71	1	973	xxx
71	1	974	xxx
71	1	975	xxx
71	1	976	xxx
71	1	977	xxx
72	1	978	xxx
72	1	979	xxx
72	1	980	xxx
72	1	981	xxx
71	1	982	xxx
70	1	983	xxx
72	1	984	xxx
72	1	985	xxx
70	1	986	xxx
70	1	987	xxx
70	1	988	xxx
70	1	989	xxx
70	1	990	xxx
70	1	991	xxx
70	1	992	xxx
72	1	993	xxx
71	1	994	xxx
72	1	995	xxx
70	1	996	xxx
70	1	997	xxx
70	1	998	xxx
70	1	999	xxx
70	1	1000	xxx
70	1	1001	xxx
70	1	1002	xxx
70	1	1003	xxx
70	1	1004	xxx
70	1	1005	xxx
72	1	1006	xxx
70	1	1007	xxx
70	1	1008	xxx
70	1	1009	xxx
70	1	1010	xxx
70	1	1011	xxx
70	1	1012	xxx
70	1	1013	xxx
70	1	1014	xxx
70	1	1015	xxx
70	1	1016	xxx
70	1	1017	xxx
70	1	1018	xxx
70	1	1019	xxx
70	1	1020	xxx
70	1	1021	xxx
70	1	1022	xxx
70	1	1023	xxx
70	1	1024	xxx
70	1	1025	xxx
70	1	1026	xxx
70	1	1027	xxx
70	1	1028	xxx
70	1	1029	xxx
70	1	1030	xxx
70	1	1031	xxx
70	1	1032	xxx
70	1	1033	xxx
72	1	1034	xxx
71	1	1035	xxx
72	1	1036	xxx
70	1	1037	xxx
70	1	1038	xxx
70	1	1039	xxx
70	1	1040	xxx
70	1	1041	xxx
70	1	1042	xxx
70	1	1043	xxx
70	1	1044	xxx
70	1	1045	xxx
70	1	1046	xxx
72	1	1047	xxx
71	1	1048	xxx
70	1	1049	xxx
70	1	1050	xxx
70	1	1051	xxx
70	1	1052	xxx
70	1	1053	xxx
72	1	1054	xxx
70	1	1055	xxx
70	1	1056	xxx
70	1	1057	xxx
70	1	1058	xxx
70	1	1059	xxx
72	1	1060	xxx
72	1	1061	xxx
70	1	1062	xxx
70	1	1063	xxx
70	1	1064	xxx
70	1	1065	xxx
70	1	1066	xxx
70	1	1067	xxx
70	1	1068	xxx
70	1	1069	xxx
70	1	1070	xxx
70	1	1071	xxx
70	1	1072	xxx
70	1	1073	xxx
70	1	1074	xxx
70	1	1075	xxx
70	1	1076	xxx
70	1	1077	xxx
70	1	1078	xxx
72	1	1079	xxx
70	1	1080	xxx
70	1	1081	xxx
70	1	1082	xxx
70	1	1083	xxx
70	1	1084	xxx
72	1	1085	xxx
71	1	1086	xxx
69	1	1087	xxx
69	1	1088	xxx
69	1	1089	xxx
69	1	1090	xxx
69	1	1091	xxx
71	1	1092	xxx
71	1	1093	xxx
71	1	1094	xxx
69	1	1095	xxx
69	1	1096	xxx
69	1	1097	xxx
69	1	1098	xxx
69	1	1099	xxx
71	1	1100	xxx
69	1	1101	xxx
69	1	1102	xxx
70	1	1103	xxx
68	1	1104	xxx
68	1	1105	xxx
68	1	1106	xxx
68	1	1107	xxx
68	1	1108	xxx
69	1	1109	xxx
67	1	1110	xxx
67	1	1111	xxx
67	1	1112	xxx
67	1	1113	xxx
67	1	1114	xxx
67	1	1115	xxx
69	1	1116	xxx
68	1	1117	xxx
67	1	1118	xxx
69	1	1119	xxx
67	1	1120	xxx
67	1	1121	xxx
67	1	1122	xxx
69	1	1123	xxx
67	1	1124	xxx
70	1	1125	xxx
67	1	1126	xxx
67	1	1127	xxx
69	1	1128	xxx
68	1	1129	xxx
68	1	1130	xxx
68	1	1131	xxx
68	1	1132	xxx
68	1	1133	xxx
68	1	1134	xxx
68	1	1135	xxx
68	1	1136	xxx
69	1	1137	xxx
67	1	1138	xxx
67	1	1139	xxx
67	1	1140	xxx
67	1	1141	xxx
67	1	1142	xxx
67	1	1143	xxx
67	1	1144	xxx
67	1	1145	xxx
67	1	1146	xxx
67	1	1147	xxx
67	1	1148	xxx
69	1	1149	xxx
67	1	1150	xxx
67	1	1151	xxx
67	1	1152	xxx
69	1	1153	xxx
67	1	1154	xxx
67	1	1155	xxx
67	1	1156	xxx
69	1	1157	xxx
71	1	1158	xxx
67	1	1159	xxx
69	1	1160	xxx
67	1	1161	xxx
67	1	1162	xxx
67	1	1163	xxx
67	1	1164	xxx
67	1	1165	xxx
67	1	1166	xxx
67	1	1167	xxx
67	1	1168	xxx
67	1	1169	xxx
67	1	1170	xxx
67	1	1171	xxx
67	1	1172	xxx
67	1	1173	xxx
67	1	1174	xxx
67	1	1175	xxx
67	1	1176	xxx
67	1	1177	xxx
67	1	1178	xxx
67	1	1179	xxx
69	1	1180	xxx
68	1	1181	xxx
68	1	1182	xxx
68	1	1183	xxx
69	1	1184	xxx
67	1	1185	xxx
67	1	1186	xxx
67	1	1187	xxx
67	1	1188	xxx
69	1	1189	xxx
68	1	1190	xxx
67	1	1191	xxx
67	1	1192	xxx
67	1	1193	xxx
67	1	1194	xxx
67	1	1195	xxx
67	1	1196	xxx
67	1	1197	xxx
67	1	1198	xxx
67	1	1199	xxx
67	1	1200	xxx
67	1	1201	xxx
67	1	1202	xxx
67	1	1203	xxx
67	1	1204	xxx
69	1	1205	xxx
68	1	1206	xxx
68	1	1207	xxx
68	1	1208	xxx
68	1	1209	xxx
68	1	1210	xxx
68	1	1211	xxx
68	1	1212	xxx
68	1	1213	xxx
70	1	1214	xxx
68	1	1215	xxx
70	1	1216	xxx
68	1	1217	xxx
68	1	1218	xxx
68	1	1219	xxx
68	1	1220	xxx
68	1	1221	xxx
72	1	1222	xxx
70	1	1223	xxx
68	1	1224	xxx
68	1	1225	xxx
68	1	1226	xxx
68	1	1227	xxx
68	1	1228	xxx
68	1	1229	xxx
68	1	1230	xxx
68	1	1231	xxx
69	1	1232	xxx
68	1	1233	xxx
68	1	1234	xxx
68	1	1235	xxx
70	1	1236	xxx
66	1	1237	xxx
66	1	1238	xxx
66	1	1239	xxx
66	1	1240	xxx
68	1	1241	xxx
67	1	1242	xxx
66	1	1243	xxx
66	1	1244	xxx
68	1	1245	xxx
68	1	1246	xxx
66	1	1247	xxx
66	1	1248	xxx
66	1	1249	xxx
66	1	1250	xxx
66	1	1251	xxx
67	1	1252	xxx
65	1	1253	xxx
65	1	1254	xxx
65	1	1255	xxx
67	1	1256	xxx
65	1	1257	xxx
67	1	1258	xxx
65	1	1259	xxx
65	1	1260	xxx
65	1	1261	xxx
65	1	1262	xxx
65	1	1263	xxx
65	1	1264	xxx
65	1	1265	xxx
65	1	1266	xxx
65	1	1267	xxx
65	1	1268	xxx
67	1	1269	xxx
66	1	1270	xxx
65	1	1271	xxx
65	1	1272	xxx
65	1	1273	xxx
65	1	1274	xxx
65	1	1275	xxx
67	1	1276	xxx
65	1	1277	xxx
67	1	1278	xxx
65	1	1279	xxx
65	1	1280	xxx
65	1	1281	xxx
65	1	1282	xxx
65	1	1283	xxx
65	1	1284	xxx
65	1	1285	xxx
65	1	1286	xxx
65	1	1287	xxx
67	1	1288	xxx
66	1	1289	xxx
68	1	1290	xxx
67	1	1291	xxx
66	1	1292	xxx
66	1	1293	xxx
66	1	1294	xxx
66	1	1295	xxx
66	1	1296	xxx
66	1	1297	xxx
66	1	1298	xxx
66	1	1299	xxx
66	1	1300	xxx
66	1	1301	xxx
66	1	1302	xxx
66	1	1303	xxx
66	1	1304	xxx
68	1	1305	xxx
66	1	1306	xxx
72	1	1307	xxx
63	1	1308	xxx
65	1	1309	xxx
65	1	1310	xxx
62	1	1311	xxx
60	1	1312	xxx
60	1	1313	xxx
64	1	1314	xxx
61	1	1315	xxx
59	1	1316	xxx
64	1	1317	xxx
59	1	1318	xxx
61	1	1319	xxx
60	1	1320	xxx
62	1	1321	xxx
60	1	1322	xxx
60	1	1323	xxx
60	1	1324	xxx
60	1	1325	xxx
62	1	1326	xxx
62	1	1327	xxx
61	1	1328	xxx
60	1	1329	xxx
60	1	1330	xxx
60	1	1331	xxx
61	1	1332	xxx
59	1	1333	xxx
63	1	1334	xxx
62	1	1335	xxx
60	1	1336	xxx
59	1	1337	xxx
59	1	1338	xxx
59	1	1339	xxx
59	1	1340	xxx
59	1	1341	xxx
59	1	1342	xxx
61	1	1343	xxx
59	1	1344	xxx
63	1	1345	xxx
62	1	1346	xxx
60	1	1347	xxx
60	1	1348	xxx
60	1	1349	xxx
60	1	1350	xxx
60	1	1351	xxx
60	1	1352	xxx
60	1	1353	xxx
62	1	1354	xxx
61	1	1355	xxx
61	1	1356	xxx
61	1	1357	xxx
62	1	1358	xxx
61	1	1359	xxx
61	1	1360	xxx
63	1	1361	xxx
61	1	1362	xxx
61	1	1363	xxx
61	1	1364	xxx
61	1	1365	xxx
65	1	1366	xxx
63	1	1367	xxx
68	1	1368	xxx
64	1	1369	xxx
66	1	1370	xxx
66	1	1371	xxx
68	1	1372	xxx
64	1	1373	xxx
64	1	1374	xxx
70	1	1375	xxx
65	1	1376	xxx
65	1	1377	xxx
66	1	1378	xxx
64	1	1379	xxx
68	1	1380	xxx
65	1	1381	xxx
64	1	1382	xxx
67	1	1383	xxx
66	1	1384	xxx
66	1	1385	xxx
64	1	1386	xxx
68	1	1387	xxx
65	1	1388	xxx
65	1	1389	xxx
63	1	1390	xxx
65	1	1391	xxx
64	1	1392	xxx
63	1	1393	xxx
63	1	1394	xxx
70	1	1395	xxx
62	1	1396	xxx
64	1	1397	xxx
63	1	1398	xxx
63	1	1399	xxx
66	1	1400	xxx
62	1	1401	xxx
64	1	1402	xxx
64	1	1403	xxx
66	1	1404	xxx
65	1	1405	xxx
64	1	1406	xxx
62	1	1407	xxx
65	1	1408	xxx
63	1	1409	xxx
62	1	1410	xxx
61	1	1411	xxx
59	1	1412	xxx
59	1	1413	xxx
60	1	1414	xxx
65	1	1415	xxx
62	1	1416	xxx
60	1	1417	xxx
61	1	1418	xxx
61	1	1419	xxx
57	1	1420	xxx
57	1	1421	xxx
61	1	1422	xxx
61	1	1423	xxx
55	1	1424	xxx
55	1	1425	xxx
57	1	1426	xxx
55	1	1427	xxx
55	1	1428	xxx
58	1	1429	xxx
55	1	1430	xxx
53	1	1431	xxx
54	1	1432	xxx
52	1	1433	xxx
54	1	1434	xxx
52	1	1435	xxx
54	1	1436	xxx
52	1	1437	xxx
52	1	1438	xxx
52	1	1439	xxx
52	1	1440	xxx
53	1	1441	xxx
52	1	1442	xxx
52	1	1443	xxx
52	1	1444	xxx
52	1	1445	xxx
54	1	1446	xxx
55	1	1447	xxx
53	1	1448	xxx
53	1	1449	xxx
53	1	1450	xxx
53	1	1451	xxx
56	1	1452	xxx
55	1	1453	xxx
53	1	1454	xxx
58	1	1455	xxx
56	1	1456	xxx
53	1	1457	xxx
53	1	1458	xxx
53	1	1459	xxx
55	1	1460	xxx
54	1	1461	xxx
53	1	1462	xxx
53	1	1463	xxx
53	1	1464	xxx
53	1	1465	xxx
53	1	1466	xxx
53	1	1467	xxx
53	1	1468	xxx
53	1	1469	xxx
53	1	1470	xxx
53	1	1471	xxx
54	1	1472	xxx
52	1	1473	xxx
52	1	1474	xxx
52	1	1475	xxx
52	1	1476	xxx
56	1	1477	xxx
52	1	1478	xxx
53	1	1479	xxx
53	1	1480	xxx
50	1	1481	xxx
51	1	1482	xxx
49	1	1483	xxx
55	1	1484	xxx
51	1	1485	xxx
51	1	1486	xxx
50	1	1487	xxx
48	1	1488	xxx
52	1	1489	xxx
44	1	1490	xxx
47	1	1491	xxx
41	1	1492	xxx
43	1	1493	xxx
41	1	1494	xxx
43	1	1495	xxx
43	1	1496	xxx
42	1	1497	xxx
43	1	1498	xxx
41	1	1499	xxx
41	1	1500	xxx
41	1	1501	xxx
43	1	1502	xxx
41	1	1503	xxx
41	1	1504	xxx
43	1	1505	xxx
42	1	1506	xxx
41	1	1507	xxx
41	1	1508	xxx
42	1	1509	xxx
40	1	1510	xxx
40	1	1511	xxx
40	1	1512	xxx
40	1	1513	xxx
42	1	1514	xxx
40	1	1515	xxx
42	1	1516	xxx
40	1	1517	xxx
40	1	1518	xxx
40	1	1519	xxx
40	1	1520	xxx
40	1	1521	xxx
40	1	1522	xxx
40	1	1523	xxx
40	1	1524	xxx
40	1	1525	xxx
40	1	1526	xxx
40	1	1527	xxx
40	1	1528	xxx
40	1	1529	xxx
40	1	1530	xxx
40	1	1531	xxx
40	1	1532	xxx
40	1	1533	xxx
40	1	1534	xxx
40	1	1535	xxx
40	1	1536	xxx
40	1	1537	xxx
40	1	1538	xxx
40	1	1539	xxx
40	1	1540	xxx
40	1	1541	xxx
40	1	1542	xxx
46	1	1543	xxx
43	1	1544	xxx
41	1	1545	xxx
41	1	1546	xxx
45	1	1547	xxx
43	1	1548	xxx
44	1	1549	xxx
40	1	1550	xxx
40	1	1551	xxx
40	1	1552	xxx
40	1	1553	xxx
40	1	1554	xxx
40	1	1555	xxx
40	1	1556	xxx
40	1	1557	xxx
40	1	1558	xxx
42	1	1559	xxx
40	1	1560	xxx
40	1	1561	xxx
40	1	1562	xxx
40	1	1563	xxx
40	1	1564	xxx
40	1	1565	xxx
40	1	1566	xxx
40	1	1567	xxx
40	1	1568	xxx
40	1	1569	xxx
40	1	1570	xxx
40	1	1571	xxx
42	1	1572	xxx
40	1	1573	xxx
42	1	1574	xxx
40	1	1575	xxx
40	1	1576	xxx
40	1	1577	xxx
42	1	1578	xxx
41	1	1579	xxx
40	1	1580	xxx
40	1	1581	xxx
42	1	1582	xxx
41	1	1583	xxx
43	1	1584	xxx
41	1	1585	xxx
43	1	1586	xxx
42	1	1587	xxx
42	1	1588	xxx
41	1	1589	xxx
41	1	1590	xxx
42	1	1591	xxx
40	1	1592	xxx
42	1	1593	xxx
44	1	1594	xxx
40	1	1595	xxx
40	1	1596	xxx
40	1	1597	xxx
40	1	1598	xxx
40	1	1599	xxx
40	1	1600	xxx
40	1	1601	xxx
41	1	1602	xxx
39	1	1603	xxx
39	1	1604	xxx
39	1	1605	xxx
39	1	1606	xxx
39	1	1607	xxx
39	1	1608	xxx
39	1	1609	xxx
39	1	1610	xxx
39	1	1611	xxx
39	1	1612	xxx
41	1	1613	xxx
40	1	1614	xxx
39	1	1615	xxx
39	1	1616	xxx
39	1	1617	xxx
39	1	1618	xxx
39	1	1619	xxx
39	1	1620	xxx
39	1	1621	xxx
39	1	1622	xxx
39	1	1623	xxx
39	1	1624	xxx
39	1	1625	xxx
39	1	1626	xxx
39	1	1627	xxx
42	1	1628	xxx
38	1	1629	xxx
38	1	1630	xxx
38	1	1631	xxx
38	1	1632	xxx
38	1	1633	xxx
40	1	1634	xxx
38	1	1635	xxx
38	1	1636	xxx
38	1	1637	xxx
40	1	1638	xxx
38	1	1639	xxx
38	1	1640	xxx
38	1	1641	xxx
38	1	1642	xxx
40	1	1643	xxx
42	1	1644	xxx
40	1	1645	xxx
38	1	1646	xxx
40	1	1647	xxx
39	1	1648	xxx
38	1	1649	xxx
38	1	1650	xxx
40	1	1651	xxx
43	1	1652	xxx
41	1	1653	xxx
39	1	1654	xxx
39	1	1655	xxx
39	1	1656	xxx
39	1	1657	xxx
39	1	1658	xxx
39	1	1659	xxx
39	1	1660	xxx
39	1	1661	xxx
39	1	1662	xxx
39	1	1663	xxx
39	1	1664	xxx
39	1	1665	xxx
39	1	1666	xxx
39	1	1667	xxx
39	1	1668	xxx
41	1	1669	xxx
43	1	1670	xxx
39	1	1671	xxx
39	1	1672	xxx
39	1	1673	xxx
39	1	1674	xxx
41	1	1675	xxx
40	1	1676	xxx
40	1	1677	xxx
40	1	1678	xxx
42	1	1679	xxx
43	1	1680	xxx
39	1	1681	xxx
41	1	1682	xxx
40	1	1683	xxx
39	1	1684	xxx
39	1	1685	xxx
39	1	1686	xxx
39	1	1687	xxx
39	1	1688	xxx
39	1	1689	xxx
39	1	1690	xxx
39	1	1691	xxx
41	1	1692	xxx
40	1	1693	xxx
40	1	1694	xxx
40	1	1695	xxx
40	1	1696	xxx
40	1	1697	xxx
40	1	1698	xxx
40	1	1699	xxx
41	1	1700	xxx
39	1	1701	xxx
39	1	1702	xxx
39	1	1703	xxx
39	1	1704	xxx
39	1	1705	xxx
39	1	1706	xxx
39	1	1707	xxx
39	1	1708	xxx
39	1	1709	xxx
39	1	1710	xxx
39	1	1711	xxx
41	1	1712	xxx
41	1	1713	xxx
39	1	1714	xxx
39	1	1715	xxx
39	1	1716	xxx
39	1	1717	xxx
39	1	1718	xxx
39	1	1719	xxx
43	1	1720	xxx
41	1	1721	xxx
41	1	1722	xxx
42	1	1723	xxx
42	1	1724	xxx
40	1	1725	xxx
40	1	1726	xxx
43	1	1727	xxx
41	1	1728	xxx
40	1	1729	xxx
42	1	1730	xxx
40	1	1731	xxx
40	1	1732	xxx
40	1	1733	xxx
42	1	1734	xxx
42	1	1735	xxx
40	1	1736	xxx
40	1	1737	xxx
40	1	1738	xxx
40	1	1739	xxx
40	1	1740	xxx
40	1	1741	xxx
40	1	1742	xxx
40	1	1743	xxx
40	1	1744	xxx
40	1	1745	xxx
40	1	1746	xxx
40	1	1747	xxx
40	1	1748	xxx
40	1	1749	xxx
40	1	1750	xxx
40	1	1751	xxx
41	1	1752	xxx
39	1	1753	xxx
39	1	1754	xxx
39	1	1755	xxx
39	1	1756	xxx
39	1	1757	xxx
39	1	1758	xxx
39	1	1759	xxx
41	1	1760	xxx
39	1	1761	xxx
40	1	1762	xxx
38	1	1763	xxx
40	1	1764	xxx
39	1	1765	xxx
40	1	1766	xxx
38	1	1767	xxx
38	1	1768	xxx
38	1	1769	xxx
38	1	1770	xxx
38	1	1771	xxx
38	1	1772	xxx
38	1	1773	xxx
38	1	1774	xxx
38	1	1775	xxx
38	1	1776	xxx
38	1	1777	xxx
38	1	1778	xxx
39	1	1779	xxx
37	1	1780	xxx
37	1	1781	xxx
37	1	1782	xxx
37	1	1783	xxx
37	1	1784	xxx
37	1	1785	xxx
39	1	1786	xxx
37	1	1787	xxx
38	1	1788	xxx
36	1	1789	xxx
38	1	1790	xxx
38	1	1791	xxx
36	1	1792	xxx
38	1	1793	xxx
37	1	1794	xxx
39	1	1795	xxx
37	1	1796	xxx
39	1	1797	xxx
38	1	1798	xxx
37	1	1799	xxx
37	1	1800	xxx
39	1	1801	xxx
37	1	1802	xxx
42	1	1803	xxx
37	1	1804	xxx
39	1	1805	xxx
42	1	1806	xxx
40	1	1807	xxx
38	1	1808	xxx
38	1	1809	xxx
38	1	1810	xxx
38	1	1811	xxx
38	1	1812	xxx
38	1	1813	xxx
38	1	1814	xxx
38	1	1815	xxx
39	1	1816	xxx
37	1	1817	xxx
37	1	1818	xxx
38	1	1819	xxx
36	1	1820	xxx
38	1	1821	xxx
36	1	1822	xxx
36	1	1823	xxx
36	1	1824	xxx
36	1	1825	xxx
36	1	1826	xxx
36	1	1827	xxx
36	1	1828	xxx
36	1	1829	xxx
36	1	1830	xxx
36	1	1831	xxx
36	1	1832	xxx
36	1	1833	xxx
36	1	1834	xxx
36	1	1835	xxx
36	1	1836	xxx
36	1	1837	xxx
40	1	1838	xxx
37	1	1839	xxx
36	1	1840	xxx
36	1	1841	xxx
36	1	1842	xxx
38	1	1843	xxx
40	1	1844	xxx
38	1	1845	xxx
38	1	1846	xxx
38	1	1847	xxx
38	1	1848	xxx
36	1	1849	xxx
38	1	1850	xxx
36	1	1851	xxx
36	1	1852	xxx
38	1	1853	xxx
37	1	1854	xxx
37	1	1855	xxx
39	1	1856	xxx
40	1	1857	xxx
39	1	1858	xxx
37	1	1859	xxx
39	1	1860	xxx
37	1	1861	xxx
37	1	1862	xxx
37	1	1863	xxx
39	1	1864	xxx
37	1	1865	xxx
39	1	1866	xxx
38	1	1867	xxx
37	1	1868	xxx
39	1	1869	xxx
39	1	1870	xxx
37	1	1871	xxx
39	1	1872	xxx
37	1	1873	xxx
37	1	1874	xxx
37	1	1875	xxx
37	1	1876	xxx
37	1	1877	xxx
37	1	1878	xxx
37	1	1879	xxx
37	1	1880	xxx
37	1	1881	xxx
41	1	1882	xxx
45	1	1883	xxx
38	1	1884	xxx
40	1	1885	xxx
40	1	1886	xxx
38	1	1887	xxx
40	1	1888	xxx
38	1	1889	xxx
38	1	1890	xxx
40	1	1891	xxx
42	1	1892	xxx
38	1	1893	xxx
42	1	1894	xxx
40	1	1895	xxx
38	1	1896	xxx
38	1	1897	xxx
38	1	1898	xxx
44	1	1899	xxx
40	1	1900	xxx
42	1	1901	xxx
40	1	1902	xxx
40	1	1903	xxx
45	1	1904	xxx
43	1	1905	xxx
40	1	1906	xxx
42	1	1907	xxx
45	1	1908	xxx
41	1	1909	xxx
41	1	1910	xxx
40	1	1911	xxx
39	1	1912	xxx
37	1	1913	xxx
37	1	1914	xxx
37	1	1915	xxx
37	1	1916	xxx
37	1	1917	xxx
39	1	1918	xxx
37	1	1919	xxx
40	1	1920	xxx
38	1	1921	xxx
34	1	1922	xxx
34	1	1923	xxx
34	1	1924	xxx
34	1	1925	xxx
34	1	1926	xxx
36	1	1927	xxx
36	1	1928	xxx
34	1	1929	xxx
34	1	1930	xxx
34	1	1931	xxx
36	1	1932	xxx
36	1	1933	xxx
34	1	1934	xxx
34	1	1935	xxx
38	1	1936	xxx
34	1	1937	xxx
34	1	1938	xxx
34	1	1939	xxx
36	1	1940	xxx
36	1	1941	xxx
37	1	1942	xxx
35	1	1943	xxx
37	1	1944	xxx
39	1	1945	xxx
39	1	1946	xxx
36	1	1947	xxx
35	1	1948	xxx
35	1	1949	xxx
37	1	1950	xxx
36	1	1951	xxx
36	1	1952	xxx
36	1	1953	xxx
36	1	1954	xxx
37	1	1955	xxx
37	1	1956	xxx
37	1	1957	xxx
39	1	1958	xxx
38	1	1959	xxx
38	1	1960	xxx
38	1	1961	xxx
36	1	1962	xxx
38	1	1963	xxx
36	1	1964	xxx
36	1	1965	xxx
38	1	1966	xxx
42	1	1967	xxx
38	1	1968	xxx
38	1	1969	xxx
39	1	1970	xxx
39	1	1971	xxx
37	1	1972	xxx
37	1	1973	xxx
41	1	1974	xxx
40	1	1975	xxx
42	1	1976	xxx
38	1	1977	xxx
38	1	1978	xxx
38	1	1979	xxx
38	1	1980	xxx
38	1	1981	xxx
38	1	1982	xxx
38	1	1983	xxx
40	1	1984	xxx
39	1	1985	xxx
38	1	1986	xxx
38	1	1987	xxx
38	1	1988	xxx
38	1	1989	xxx
38	1	1990	xxx
38	1	1991	xxx
45	1	1992	xxx
39	1	1993	xxx
39	1	1994	xxx
39	1	1995	xxx
39	1	1996	xxx
39	1	1997	xxx
41	1	1998	xxx
39	1	1999	xxx
39	1	2000	xxx
39	1	2001	xxx
39	1	2002	xxx
39	1	2003	xxx
39	1	2004	xxx
42	1	2005	xxx
41	1	2006	xxx
40	1	2007	xxx
40	1	2008	xxx
39	1	2009	xxx
41	1	2010	xxx
37	1	2011	xxx
39	1	2012	xxx
37	1	2013	xxx
39	1	2014	xxx
41	1	2015	xxx
38	1	2016	xxx
37	1	2017	xxx
37	1	2018	xxx
37	1	2019	xxx
39	1	2020	xxx
37	1	2021	xxx
37	1	2022	xxx
39	1	2023	xxx
37	1	2024	xxx
37	1	2025	xxx
37	1	2026	xxx
43	1	2027	xxx
38	1	2028	xxx
42	1	2029	xxx
39	1	2030	xxx
40	1	2031	xxx
39	1	2032	xxx
37	1	2033	xxx
37	1	2034	xxx
37	1	2035	xxx
40	1	2036	xxx
38	1	2037	xxx
36	1	2038	xxx
36	1	2039	xxx
36	1	2040	xxx
36	1	2041	xxx
36	1	2042	xxx
36	1	2043	xxx
36	1	2044	xxx
38	1	2045	xxx
36	1	2046	xxx
38	1	2047	xxx
38	1	2048	xxx
36	1	2049	xxx
36	1	2050	xxx
36	1	2051	xxx
36	1	2052	xxx
36	1	2053	xxx
38	1	2054	xxx
37	1	2055	xxx
36	1	2056	xxx
36	1	2057	xxx
36	1	2058	xxx
36	1	2059	xxx
36	1	2060	xxx
36	1	2061	xxx
36	1	2062	xxx
38	1	2063	xxx
38	1	2064	xxx
36	1	2065	xxx
36	1	2066	xxx
36	1	2067	xxx
38	1	2068	xxx
37	1	2069	xxx
37	1	2070	xxx
41	1	2071	xxx
36	1	2072	xxx
36	1	2073	xxx
34	1	2074	xxx
34	1	2075	xxx
38	1	2076	xxx
32	1	2077	xxx
32	1	2078	xxx
32	1	2079	xxx
32	1	2080	xxx
32	1	2081	xxx
32	1	2082	xxx
32	1	2083	xxx
36	1	2084	xxx
36	1	2085	xxx
30	1	2086	xxx
30	1	2087	xxx
31	1	2088	xxx
29	1	2089	xxx
29	1	2090	xxx
29	1	2091	xxx
30	1	2092	xxx
28	1	2093	xxx
30	1	2094	xxx
30	1	2095	xxx
29	1	2096	xxx
29	1	2097	xxx
27	1	2098	xxx
29	1	2099	xxx
27	1	2100	xxx
27	1	2101	xxx
29	1	2102	xxx
27	1	2103	xxx
27	1	2104	xxx
27	1	2105	xxx
27	1	2106	xxx
27	1	2107	xxx
27	1	2108	xxx
27	1	2109	xxx
27	1	2110	xxx
27	1	2111	xxx
29	1	2112	xxx
27	1	2113	xxx
28	1	2114	xxx
26	1	2115	xxx
26	1	2116	xxx
26	1	2117	xxx
26	1	2118	xxx
26	1	2119	xxx
26	1	2120	xxx
26	1	2121	xxx
26	1	2122	xxx
28	1	2123	xxx
27	1	2124	xxx
26	1	2125	xxx
26	1	2126	xxx
26	1	2127	xxx
26	1	2128	xxx
26	1	2129	xxx
26	1	2130	xxx
26	1	2131	xxx
26	1	2132	xxx
26	1	2133	xxx
26	1	2134	xxx
26	1	2135	xxx
26	1	2136	xxx
26	1	2137	xxx
26	1	2138	xxx
26	1	2139	xxx
30	1	2140	xxx
28	1	2141	xxx
26	1	2142	xxx
26	1	2143	xxx
26	1	2144	xxx
26	1	2145	xxx
26	1	2146	xxx
26	1	2147	xxx
26	1	2148	xxx
26	1	2149	xxx
26	1	2150	xxx
26	1	2151	xxx
26	1	2152	xxx
26	1	2153	xxx
28	1	2154	xxx
27	1	2155	xxx
26	1	2156	xxx
26	1	2157	xxx
26	1	2158	xxx
26	1	2159	xxx
26	1	2160	xxx
26	1	2161	xxx
26	1	2162	xxx
26	1	2163	xxx
26	1	2164	xxx
28	1	2165	xxx
26	1	2166	xxx
26	1	2167	xxx
26	1	2168	xxx
26	1	2169	xxx
26	1	2170	xxx
26	1	2171	xxx
26	1	2172	xxx
28	1	2173	xxx
26	1	2174	xxx
26	1	2175	xxx
26	1	2176	xxx
26	1	2177	xxx
26	1	2178	xxx
26	1	2179	xxx
28	1	2180	xxx
26	1	2181	xxx
26	1	2182	xxx
26	1	2183	xxx
26	1	2184	xxx
26	1	2185	xxx
26	1	2186	xxx
26	1	2187	xxx
26	1	2188	xxx
28	1	2189	xxx
27	1	2190	xxx
27	1	2191	xxx
27	1	2192	xxx
29	1	2193	xxx
28	1	2194	xxx
28	1	2195	xxx
28	1	2196	xxx
28	1	2197	xxx
28	1	2198	xxx
28	1	2199	xxx
30	1	2200	xxx
29	1	2201	xxx
28	1	2202	xxx
30	1	2203	xxx
28	1	2204	xxx
28	1	2205	xxx
28	1	2206	xxx
30	1	2207	xxx
28	1	2208	xxx
30	1	2209	xxx
28	1	2210	xxx
28	1	2211	xxx
28	1	2212	xxx
30	1	2213	xxx
28	1	2214	xxx
28	1	2215	xxx
28	1	2216	xxx
28	1	2217	xxx
28	1	2218	xxx
28	1	2219	xxx
28	1	2220	xxx
28	1	2221	xxx
32	1	2222	xxx
30	1	2223	xxx
28	1	2224	xxx
28	1	2225	xxx
28	1	2226	xxx
28	1	2227	xxx
28	1	2228	xxx
28	1	2229	xxx
28	1	2230	xxx
28	1	2231	xxx
28	1	2232	xxx
29	1	2233	xxx
31	1	2234	xxx
28	1	2235	xxx
29	1	2236	xxx
27	1	2237	xxx
27	1	2238	xxx
27	1	2239	xxx
27	1	2240	xxx
27	1	2241	xxx
27	1	2242	xxx
27	1	2243	xxx
27	1	2244	xxx
27	1	2245	xxx
28	1	2246	xxx
26	1	2247	xxx
26	1	2248	xxx
28	1	2249	xxx
27	1	2250	xxx
27	1	2251	xxx
29	1	2252	xxx
27	1	2253	xxx
27	1	2254	xxx
27	1	2255	xxx
27	1	2256	xxx
27	1	2257	xxx
27	1	2258	xxx
29	1	2259	xxx
27	1	2260	xxx
27	1	2261	xxx
29	1	2262	xxx
29	1	2263	xxx
27	1	2264	xxx
27	1	2265	xxx
27	1	2266	xxx
27	1	2267	xxx
27	1	2268	xxx
27	1	2269	xxx
27	1	2270	xxx
27	1	2271	xxx
27	1	2272	xxx
27	1	2273	xxx
27	1	2274	xxx
27	1	2275	xxx
27	1	2276	xxx
27	1	2277	xxx
27	1	2278	xxx
27	1	2279	xxx
27	1	2280	xxx
27	1	2281	xxx
27	1	2282	xxx
27	1	2283	xxx
27	1	2284	xxx
27	1	2285	xxx
29	1	2286	xxx
28	1	2287	xxx
29	1	2288	xxx
29	1	2289	xxx
27	1	2290	xxx
27	1	2291	xxx
27	1	2292	xxx
27	1	2293	xxx
27	1	2294	xxx
27	1	2295	xxx
27	1	2296	xxx
27	1	2297	xxx
27	1	2298	xxx
27	1	2299	xxx
27	1	2300	xxx
27	1	2301	xxx
28	1	2302	xxx
28	1	2303	xxx
26	1	2304	xxx
26	1	2305	xxx
26	1	2306	xxx
26	1	2307	xxx
26	1	2308	xxx
26	1	2309	xxx
26	1	2310	xxx
26	1	2311	xxx
26	1	2312	xxx
26	1	2313	xxx
26	1	2314	xxx
26	1	2315	xxx
28	1	2316	xxx
26	1	2317	xxx
26	1	2318	xxx
26	1	2319	xxx
26	1	2320	xxx
32	1	2321	xxx
27	1	2322	xxx
30	1	2323	xxx
28	1	2324	xxx
26	1	2325	xxx
26	1	2326	xxx
26	1	2327	xxx
26	1	2328	xxx
26	1	2329	xxx
26	1	2330	xxx
26	1	2331	xxx
26	1	2332	xxx
26	1	2333	xxx
28	1	2334	xxx
27	1	2335	xxx
29	1	2336	xxx
27	1	2337	xxx
27	1	2338	xxx
27	1	2339	xxx
27	1	2340	xxx
27	1	2341	xxx
27	1	2342	xxx
27	1	2343	xxx
27	1	2344	xxx
27	1	2345	xxx
27	1	2346	xxx
27	1	2347	xxx
30	1	2348	xxx
26	1	2349	xxx
30	1	2350	xxx
28	1	2351	xxx
27	1	2352	xxx
27	1	2353	xxx
27	1	2354	xxx
27	1	2355	xxx
27	1	2356	xxx
27	1	2357	xxx
29	1	2358	xxx
27	1	2359	xxx
27	1	2360	xxx
29	1	2361	xxx
28	1	2362	xxx
30	1	2363	xxx
27	1	2364	xxx
26	1	2365	xxx
28	1	2366	xxx
26	1	2367	xxx
26	1	2368	xxx
26	1	2369	xxx
26	1	2370	xxx
26	1	2371	xxx
26	1	2372	xxx
26	1	2373	xxx
26	1	2374	xxx
26	1	2375	xxx
26	1	2376	xxx
26	1	2377	xxx
26	1	2378	xxx
26	1	2379	xxx
28	1	2380	xxx
32	1	2381	xxx
24	1	2382	xxx
26	1	2383	xxx
24	1	2384	xxx
26	1	2385	xxx
22	1	2386	xxx
22	1	2387	xxx
22	1	2388	xxx
24	1	2389	xxx
22	1	2390	xxx
22	1	2391	xxx
22	1	2392	xxx
22	1	2393	xxx
24	1	2394	xxx
22	1	2395	xxx
22	1	2396	xxx
25	1	2397	xxx
22	1	2398	xxx
21	1	2399	xxx
21	1	2400	xxx
21	1	2401	xxx
21	1	2402	xxx
21	1	2403	xxx
21	1	2404	xxx
21	1	2405	xxx
21	1	2406	xxx
21	1	2407	xxx
21	1	2408	xxx
21	1	2409	xxx
21	1	2410	xxx
21	1	2411	xxx
21	1	2412	xxx
21	1	2413	xxx
21	1	2414	xxx
21	1	2415	xxx
21	1	2416	xxx
21	1	2417	xxx
21	1	2418	xxx
21	1	2419	xxx
21	1	2420	xxx
21	1	2421	xxx
21	1	2422	xxx
21	1	2423	xxx
21	1	2424	xxx
23	1	2425	xxx
22	1	2426	xxx
21	1	2427	xxx
21	1	2428	xxx
21	1	2429	xxx
23	1	2430	xxx
23	1	2431	xxx
21	1	2432	xxx
21	1	2433	xxx
21	1	2434	xxx
21	1	2435	xxx
21	1	2436	xxx
22	1	2437	xxx
21	1	2438	xxx
21	1	2439	xxx
21	1	2440	xxx
21	1	2441	xxx
21	1	2442	xxx
23	1	2443	xxx
21	1	2444	xxx
21	1	2445	xxx
21	1	2446	xxx
21	1	2447	xxx
21	1	2448	xxx
21	1	2449	xxx
23	1	2450	xxx
22	1	2451	xxx
21	1	2452	xxx
23	1	2453	xxx
21	1	2454	xxx
23	1	2455	xxx
21	1	2456	xxx
24	1	2457	xxx
23	1	2458	xxx
22	1	2459	xxx
22	1	2460	xxx
22	1	2461	xxx
22	1	2462	xxx
24	1	2463	xxx
22	1	2464	xxx
24	1	2465	xxx
22	1	2466	xxx
22	1	2467	xxx
22	1	2468	xxx
22	1	2469	xxx
22	1	2470	xxx
24	1	2471	xxx
23	1	2472	xxx
22	1	2473	xxx
22	1	2474	xxx
22	1	2475	xxx
22	1	2476	xxx
22	1	2477	xxx
22	1	2478	xxx
23	1	2479	xxx
21	1	2480	xxx
21	1	2481	xxx
21	1	2482	xxx
21	1	2483	xxx
25	1	2484	xxx
22	1	2485	xxx
21	1	2486	xxx
21	1	2487	xxx
21	1	2488	xxx
21	1	2489	xxx
25	1	2490	xxx
22	1	2491	xxx
22	1	2492	xxx
24	1	2493	xxx
22	1	2494	xxx
22	1	2495	xxx
24	1	2496	xxx
22	1	2497	xxx
24	1	2498	xxx
24	1	2499	xxx
22	1	2500	xxx
22	1	2501	xxx
22	1	2502	xxx
22	1	2503	xxx
22	1	2504	xxx
22	1	2505	xxx
22	1	2506	xxx
23	1	2507	xxx
24	1	2508	xxx
20	1	2509	xxx
19	1	2510	xxx
19	1	2511	xxx
19	1	2512	xxx
21	1	2513	xxx
19	1	2514	xxx
21	1	2515	xxx
23	1	2516	xxx
20	1	2517	xxx
19	1	2518	xxx
20	1	2519	xxx
18	1	2520	xxx
18	1	2521	xxx
20	1	2522	xxx
19	1	2523	xxx
19	1	2524	xxx
21	1	2525	xxx
20	1	2526	xxx
20	1	2527	xxx
18	1	2528	xxx
18	1	2529	xxx
18	1	2530	xxx
21	1	2531	xxx
18	1	2532	xxx
18	1	2533	xxx
18	1	2534	xxx
18	1	2535	xxx
18	1	2536	xxx
18	1	2537	xxx
18	1	2538	xxx
18	1	2539	xxx
20	1	2540	xxx
18	1	2541	xxx
20	1	2542	xxx
20	1	2543	xxx
19	1	2544	xxx
18	1	2545	xxx
18	1	2546	xxx
21	1	2547	xxx
17	1	2548	xxx
17	1	2549	xxx
17	1	2550	xxx
17	1	2551	xxx
17	1	2552	xxx
17	1	2553	xxx
17	1	2554	xxx
17	1	2555	xxx
17	1	2556	xxx
17	1	2557	xxx
17	1	2558	xxx
17	1	2559	xxx
17	1	2560	xxx
17	1	2561	xxx
17	1	2562	xxx
17	1	2563	xxx
17	1	2564	xxx
17	1	2565	xxx
17	1	2566	xxx
17	1	2567	xxx
17	1	2568	xxx
17	1	2569	xxx
17	1	2570	xxx
17	1	2571	xxx
17	1	2572	xxx
17	1	2573	xxx
17	1	2574	xxx
19	1	2575	xxx
59	1	2576	xxx
0	1	2577	xxx
0	1	2578	xxx
0	1	2579	xxx
0	1	2580	xxx
0	1	2581	xxx
0	1	2582	xxx
0	1	2583	xxx
0	1	2584	xxx
0	1	2585	xxx
0	1	2586	xxx
0	1	2587	xxx
0	1	2588	xxx
0	1	2589	xxx
0	1	2590	xxx
0	1	2591	xxx
0	1	2592	xxx
0	1	2593	xxx
0	1	2594	xxx
0	1	2595	xxx
0	1	2596	xxx
0	1	2597	xxx
0	1	2598	xxx
0	1	2599	xxx
0	1	2600	xxx
0	1	2601	xxx
0	1	2602	xxx
0	1	2603	xxx
0	1	2604	xxx
0	1	2605	xxx
0	1	2606	xxx
0	1	2607	xxx
0	1	2608	xxx
0	1	2609	xxx
0	1	2610	xxx
0	1	2611	xxx
0	1	2612	xxx
0	1	2613	xxx
0	1	2614	xxx
0	1	2615	xxx
0	1	2616	xxx
0	1	2617	xxx
0	1	2618	xxx
0	1	2619	xxx
0	1	2620	xxx
0	1	2621	xxx
0	1	2622	xxx
0	1	2623	xxx
0	1	2624	xxx
0	1	2625	xxx
0	1	2626	xxx
0	1	2627	xxx
0	1	2628	xxx
0	1	2629	xxx
0	1	2630	xxx
0	1	2631	xxx
0	1	2632	xxx
0	1	2633	xxx
0	1	2634	xxx
0	1	2635	xxx
0	1	2636	xxx
0	1	2637	xxx
0	1	2638	xxx
0	1	2639	xxx
0	1	2640	xxx
0	1	2641	xxx
0	1	2642	xxx
0	1	2643	xxx
0	1	2644	xxx
0	1	2645	xxx
0	1	2646	xxx
0	1	2647	xxx
0	1	2648	xxx
0	1	2649	xxx
0	1	2650	xxx
0	1	2651	xxx
0	1	2652	xxx
0	1	2653	xxx
0	1	2654	xxx
0	1	2655	xxx
0	1	2656	xxx
0	1	2657	xxx
0	1	2658	xxx
0	1	2659	xxx
0	1	2660	xxx
0	1	2661	xxx
0	1	2662	xxx
0	1	2663	xxx
0	1	2664	xxx
0	1	2665	xxx
0	1	2666	xxx
0	1	2667	xxx
0	1	2668	xxx
0	1	2669	xxx
0	1	2670	xxx
0	1	2671	xxx
0	1	2672	xxx
0	1	2673	xxx
0	1	2674	xxx
0	1	2675	xxx
0	1	2676	xxx
0	1	2677	xxx
0	1	2678	xxx
0	1	2679	xxx
0	1	2680	xxx
0	1	2681	xxx
0	1	2682	xxx
0	1	2683	xxx
0	1	2684	xxx
0	1	2685	xxx
0	1	2686	xxx
0	1	2687	xxx
0	1	2688	xxx
0	1	2689	xxx
0	1	2690	xxx
0	1	2691	xxx
0	1	2692	xxx
0	1	2693	xxx
0	1	2694	xxx
0	1	2695	xxx
0	1	2696	xxx
0	1	2697	xxx
0	1	2698	xxx
0	1	2699	xxx
0	1	2700	xxx
0	1	2701	xxx
0	1	2702	xxx
0	1	2703	xxx
0	1	2704	xxx
0	1	2705	xxx
0	1	2706	xxx
0	1	2707	xxx
0	1	2708	xxx
0	1	2709	xxx
0	1	2710	xxx
0	1	2711	xxx
0	1	2712	xxx
0	1	2713	xxx
0	1	2714	xxx
0	1	2715	xxx
0	1	2716	xxx
0	1	2717	xxx
0	1	2718	xxx
0	1	2719	xxx
0	1	2720	xxx
0	1	2721	xxx
0	1	2722	xxx
0	1	2723	xxx
0	1	2724	xxx
0	1	2725	xxx
0	1	2726	xxx
0	1	2727	xxx
0	1	2728	xxx
0	1	2729	xxx
0	1	2730	xxx
0	1	2731	xxx
0	1	2732	xxx
0	1	2733	xxx
0	1	2734	xxx
0	1	2735	xxx
0	1	2736	xxx
0	1	2737	xxx
0	1	2738	xxx
0	1	2739	xxx
0	1	2740	xxx
0	1	2741	xxx
0	1	2742	xxx
0	1	2743	xxx
0	1	2744	xxx
0	1	2745	xxx
0	1	2746	xxx
0	1	2747	xxx
0	1	2748	xxx
0	1	2749	xxx
0	1	2750	xxx
0	1	2751	xxx
0	1	2752	xxx
0	1	2753	xxx
0	1	2754	xxx
0	1	2755	xxx
0	1	2756	xxx
0	1	2757	xxx
0	1	2758	xxx
0	1	2759	xxx
0	1	2760	xxx
0	1	2761	xxx
0	1	2762	xxx
0	1	2763	xxx
0	1	2764	xxx
0	1	2765	xxx
0	1	2766	xxx
0	1	2767	xxx
0	1	2768	xxx
0	1	2769	xxx
0	1	2770	xxx
0	1	2771	xxx
0	1	2772	xxx
0	1	2773	xxx
0	1	2774	xxx
0	1	2775	xxx
0	1	2776	xxx
0	1	2777	xxx
0	1	2778	xxx
0	1	2779	xxx
0	1	2780	xxx
0	1	2781	xxx
0	1	2782	xxx
0	1	2783	xxx
0	1	2784	xxx
0	1	2785	xxx
0	1	2786	xxx
0	1	2787	xxx
0	1	2788	xxx
0	1	2789	xxx
0	1	2790	xxx
0	1	2791	xxx
0	1	2792	xxx
0	1	2793	xxx
0	1	2794	xxx
0	1	2795	xxx
0	1	2796	xxx
0	1	2797	xxx
0	1	2798	xxx
0	1	2799	xxx
0	1	2800	xxx
0	1	2801	xxx
0	1	2802	xxx
0	1	2803	xxx
0	1	2804	xxx
0	1	2805	xxx
0	1	2806	xxx
0	1	2807	xxx
0	1	2808	xxx
0	1	2809	xxx
0	1	2810	xxx
0	1	2811	xxx
0	1	2812	xxx
0	1	2813	xxx
0	1	2814	xxx
0	1	2815	xxx
0	1	2816	xxx
0	1	2817	xxx
0	1	2818	xxx
0	1	2819	xxx
0	1	2820	xxx
0	1	2821	xxx
0	1	2822	xxx
0	1	2823	xxx
0	1	2824	xxx
0	1	2825	xxx
0	1	2826	xxx
0	1	2827	xxx
0	1	2828	xxx
0	1	2829	xxx
0	1	2830	xxx
0	1	2831	xxx
0	1	2832	xxx
0	1	2833	xxx
0	1	2834	xxx
0	1	2835	xxx
0	1	2836	xxx
0	1	2837	xxx
0	1	2838	xxx
0	1	2839	xxx
0	1	2840	xxx
0	1	2841	xxx
0	1	2842	xxx
0	1	2843	xxx
0	1	2844	xxx
0	1	2845	xxx
0	1	2846	xxx
0	1	2847	xxx
0	1	2848	xxx
0	1	2849	xxx
0	1	2850	xxx
0	1	2851	xxx
0	1	2852	xxx
0	1	2853	xxx
0	1	2854	xxx
0	1	2855	xxx
0	1	2856	xxx
0	1	2857	xxx
0	1	2858	xxx
0	1	2859	xxx
0	1	2860	xxx
0	1	2861	xxx
0	1	2862	xxx
0	1	2863	xxx
0	1	2864	xxx
0	1	2865	xxx
0	1	2866	xxx
0	1	2867	xxx
0	1	2868	xxx
0	1	2869	xxx
0	1	2870	xxx
0	1	2871	xxx
0	1	2872	xxx
0	1	2873	xxx
0	1	2874	xxx
0	1	2875	xxx
0	1	2876	xxx
0	1	2877	xxx
0	1	2878	xxx
0	1	2879	xxx
0	1	2880	xxx
0	1	2881	xxx
0	1	2882	xxx
0	1	2883	xxx
0	1	2884	xxx
0	1	2885	xxx
0	1	2886	xxx
0	1	2887	xxx
0	1	2888	xxx
0	1	2889	xxx
0	1	2890	xxx
0	1	2891	xxx
0	1	2892	xxx
0	1	2893	xxx
0	1	2894	xxx
0	1	2895	xxx
0	1	2896	xxx
0	1	2897	xxx
0	1	2898	xxx
0	1	2899	xxx
0	1	2900	xxx
0	1	2901	xxx
0	1	2902	xxx
0	1	2903	xxx
0	1	2904	xxx
0	1	2905	xxx
0	1	2906	xxx
0	1	2907	xxx
0	1	2908	xxx
0	1	2909	xxx
0	1	2910	xxx
0	1	2911	xxx
0	1	2912	xxx
0	1	2913	xxx
0	1	2914	xxx
0	1	2915	xxx
0	1	2916	xxx
0	1	2917	xxx
0	1	2918	xxx
0	1	2919	xxx
0	1	2920	xxx
0	1	2921	xxx
0	1	2922	xxx
0	1	2923	xxx
0	1	2924	xxx
0	1	2925	xxx
0	1	2926	xxx
0	1	2927	xxx
0	1	2928	xxx
0	1	2929	xxx
0	1	2930	xxx
0	1	2931	xxx
0	1	2932	xxx
0	1	2933	xxx
0	1	2934	xxx
0	1	2935	xxx
0	1	2936	xxx
0	1	2937	xxx
0	1	2938	xxx
0	1	2939	xxx
0	1	2940	xxx
0	1	2941	xxx
0	1	2942	xxx
0	1	2943	xxx
0	1	2944	xxx
0	1	2945	xxx
0	1	2946	xxx
0	1	2947	xxx
0	1	2948	xxx
0	1	2949	xxx
0	1	2950	xxx
0	1	2951	xxx
0	1	2952	xxx
0	1	2953	xxx
0	1	2954	xxx
0	1	2955	xxx
0	1	2956	xxx
0	1	2957	xxx
0	1	2958	xxx
0	1	2959	xxx
0	1	2960	xxx
0	1	2961	xxx
0	1	2962	xxx
0	1	2963	xxx
0	1	2964	xxx
0	1	2965	xxx
0	1	2966	xxx
0	1	2967	xxx
0	1	2968	xxx
0	1	2969	xxx
0	1	2970	xxx
0	1	2971	xxx
0	1	2972	xxx
0	1	2973	xxx
0	1	2974	xxx
0	1	2975	xxx
0	1	2976	xxx
0	1	2977	xxx
0	1	2978	xxx
0	1	2979	xxx
0	1	2980	xxx
0	1	2981	xxx
0	1	2982	xxx
0	1	2983	xxx
0	1	2984	xxx
0	1	2985	xxx
0	1	2986	xxx
0	1	2987	xxx
0	1	2988	xxx
0	1	2989	xxx
0	1	2990	xxx
0	1	2991	xxx
0	1	2992	xxx
0	1	2993	xxx
0	1	2994	xxx
0	1	2995	xxx
0	1	2996	xxx
0	1	2997	xxx
0	1	2998	xxx
0	1	2999	xxx
