forward	backward	user
0	0	15
0	0	15
0	0	15
0	0	15
0	0	15
3.00262	0	15
2381.50262	0	15
2381.50262	2342	15
2381.50262	2342.27	15
2457.289212	2342.27	15
2490.5292120000004	2342.27	15
2490.5292120000004	2380.18	15
2530.4838640000003	2380.18	15
2574.8038640000004	2380.18	15
2574.8038640000004	2571.18	15
2574.8038640000004	2571.18	15
2574.8038640000004	2571.18	15
0	0	17
0	0	17
0	0	14
0	0	14
0	141	14
0	141	14
0	141	14
0	141	14
211.152084	141	14
211.152084	171.41	14
211.152084	171.41	14
211.152084	477.40999999999997	14
211.152084	477.40999999999997	14
211.152084	477.40999999999997	14
211.152084	477.40999999999997	14
542.356471	477.40999999999997	14
542.356471	502.79999999999995	14
542.356471	807.8	14
542.356471	807.8	14
542.356471	807.8	14
1022.689733	807.8	14
1022.689733	1287.8	14
1022.689733	1287.8	14
1738.226107	1287.8	14
1738.226107	2002.8	14
1738.226107	2002.8	14
2577.916026	2002.8	14
2627.9460259999996	2002.8	14
2629.8029709999996	2002.8	14
2719.1329709999995	2002.8	14
2720.7537609999995	2002.8	14
2841.6237609999994	2002.8	14
2845.2647029999994	2002.8	14
2845.2647029999994	2320.95	14
2845.2647029999994	2320.95	14
2845.2647029999994	3445.95	14
2845.2647029999994	3445.95	14
4091.3715089999996	3445.95	14
4091.3715089999996	3511.2	14
4095.5392009999996	3511.2	14
4095.5392009999996	3570.0199999999995	14
4095.5392009999996	3570.0199999999995	14
4095.5392009999996	4806.0199999999995	14
4095.5392009999996	4806.0199999999995	14
5331.565208999999	4806.0199999999995	14
5331.565208999999	6042.0199999999995	14
5331.565208999999	6042.0199999999995	14
5331.565208999999	6042.0199999999995	14
6820.837377999999	6042.0199999999995	14
6820.837377999999	7531.0199999999995	14
6820.837377999999	7531.0199999999995	14
6820.837377999999	7531.0199999999995	14
6820.837377999999	7531.0199999999995	14
8310.109547	7531.0199999999995	14
8310.109547	9020.02	14
10407.82508	9020.02	14
10407.82508	11117.02	14
10407.82508	11117.02	14
12983.82508	11117.02	14
12983.82508	11117.02	14
12983.82508	13693.02	14
14473.097249	13693.02	14
14473.097249	15182.02	14
14473.097249	15182.02	14
15962.369418	15182.02	14
15962.369418	16671.02	14
15962.369418	16671.02	14
0	0	21
0	0	22
0	0	22
0	0	22
0	0	22
319.200645	0	22
319.200645	65.49000000000001	22
319.200645	318.49	22
319.200645	318.49	22
319.200645	318.49	22
319.200645	318.49	22
319.200645	318.49	22
1191.560645	318.49	22
1191.560645	548.02	22
1202.2406449999999	548.02	22
1328.140645	548.02	22
1529.42104	548.02	22
1529.42104	633.51	22
1582.221165	633.51	22
1582.221165	685	22
1582.221165	1577	22
1582.221165	1577	22
2481.141165	1577	22
2520.791165	1577	22
2523.551165	1577	22
2543.0411649999996	1577	22
2543.0411649999996	2535	22
3999.4011649999993	2535	22
3999.4011649999993	2615.7799999999997	22
4003.3211649999994	2615.7799999999997	22
4003.3211649999994	2674.12	22
4030.2413309999993	2674.12	22
4060.4613309999995	2674.12	22
4069.7013929999994	2674.12	22
4102.601392999999	2674.12	22
4102.601392999999	4090.12	22
4102.601392999999	4090.12	22
5689.721392999999	4090.12	22
5689.721392999999	4180.35	22
5692.361392999999	4180.35	22
5692.361392999999	4223.25	22
5718.201850999999	4223.25	22
5718.201850999999	4262.04	22
5718.201850999999	5703.04	22
5718.201850999999	5703.04	22
5718.201850999999	5703.04	22
5718.201850999999	5703.04	22
5718.201850999999	5703.04	22
7754.882412999999	5703.04	22
7754.882412999999	5769.97	22
7761.763225	5769.97	22
7797.513225	5769.97	22
7797.513225	7779.97	22
7797.513225	7779.97	22
7797.513225	7779.97	22
0	0	23
485.920895	0	23
485.920895	20.05000000000001	23
602.560895	20.05000000000001	23
602.560895	114.25999999999999	23
604.7608949999999	114.25999999999999	23
604.7608949999999	150.2	23
606.3608949999999	150.2	23
606.3608949999999	199.76	23
614.5611029999999	199.76	23
738.9611029999999	199.76	23
743.4011029999999	199.76	23
778.0111029999999	199.76	23
896.892665	199.76	23
896.892665	285.9	23
959.092665	285.9	23
959.092665	285.9	23
981.613456	285.9	23
981.613456	358.62	23
1032.813456	358.62	23
1032.813456	358.62	23
1310.4134560000002	358.62	23
1310.4134560000002	635.42	23
1588.0134560000001	635.42	23
1588.0134560000001	1288.12	23
1964.2134560000002	1288.12	23
2606.2134560000004	1288.12	23
2606.2134560000004	1288.12	23
3094.1134560000005	1288.12	23
3204.5134560000006	1288.12	23
3288.9134560000007	1288.12	23
3288.9134560000007	1371.7199999999998	23
3373.3134560000008	1371.7199999999998	23
3373.3134560000008	1455.3199999999997	23
3373.3134560000008	2140.3199999999997	23
3373.3134560000008	2504.72	23
3390.8334560000008	2504.72	23
4101.8434560000005	2504.72	23
4238.604997	2504.72	23
4297.084997	2504.72	23
4302.646205	2504.72	23
4322.436205	2504.72	23
4913.676912999999	2504.72	23
4913.676912999999	2546.23	23
4913.676912999999	4983.23	23
4913.676912999999	4983.23	23
7489.676912999999	4983.23	23
7489.676912999999	4983.23	23
0	0	2
0	0	2
0	0	2
0	0	2
0	0	2
0	0	2
671.24027	0	2
671.24027	107.30999999999995	2
671.24027	670.31	2
671.24027	670.31	2
1238.961603	670.31	2
1298.161603	670.31	2
1302.5622480000002	670.31	2
1323.0722480000002	670.31	2
2092.432248	670.31	2
2092.432248	706.04	2
2092.432248	2089.04	2
2092.432248	2089.04	2
2092.432248	2089.04	2
2092.432248	2089.04	2
3574.752248	2089.04	2
3574.752248	2118.31	2
3574.752248	3570.31	2
3574.752248	3570.31	2
3574.752248	3570.31	2
3574.752248	3570.31	2
6150.752248	3570.31	2
6150.752248	3570.31	2
6150.752248	6146.3099999999995	2
6150.752248	6146.3099999999995	2
6150.752248	6146.3099999999995	2
6157.312248	6146.3099999999995	2
8385.412248	6146.3099999999995	2
8388.372331	6146.3099999999995	2
8501.082331000001	6146.3099999999995	2
8503.642331000001	6146.3099999999995	2
8537.072331000001	6146.3099999999995	2
8539.632331	6146.3099999999995	2
8539.632331	6196.5	2
8542.513060000001	6196.5	2
8555.22306	6196.5	2
8555.22306	8544.5	2
0	0	24
2381.5	0	24
2386.22	0	24
2386.22	2385	24
2386.22	2385	24
0	0	3
0	0	3
0	0	3
0	0	3
5.36	0	3
31.62	0	3
406.740895	0	3
514.710895	0	3
516.3509150000001	0	3
516.3509150000001	385.51	3
516.3509150000001	475.31	3
608.2309770000002	475.31	3
608.2309770000002	563.589313	3
814.8009770000001	563.589313	3
816.4010600000001	563.589313	3
993.0810600000002	563.589313	3
993.0810600000002	986.589313	3
993.0810600000002	986.589313	3
993.0810600000002	986.589313	3
993.0810600000002	986.589313	3
993.0810600000002	986.589313	3
1057.8813300000002	986.589313	3
1057.8813300000002	1050.589313	3
1057.8813300000002	1050.589313	3
1057.8813300000002	1050.589313	3
1057.8813300000002	1050.589313	3
1443.934205	1050.589313	3
1464.254205	1050.589313	3
1467.506517	1050.589313	3
1482.186517	1050.589313	3
1488.358985	1050.589313	3
1507.348985	1050.589313	3
1518.081703	1050.589313	3
1540.321703	1050.589313	3
1544.255609	1050.589313	3
1544.255609	1091.549313	3
1544.255609	1532.549313	3
1544.255609	1532.549313	3
1544.255609	1532.549313	3
1544.255609	1532.549313	3
1544.255609	1532.549313	3
1544.255609	1532.549313	3
2255.829046	1532.549313	3
2255.829046	2243.549313	3
2255.829046	2243.549313	3
3342.749046	2243.549313	3
3342.749046	2294.659313	3
3345.070046	2294.659313	3
3345.070046	2337.439313	3
3347.070191	2337.439313	3
3347.070191	2373.949313	3
3348.910191	2373.949313	3
3348.910191	2405.719313	3
3348.910191	3332.719313	3
3348.910191	3332.719313	3
3348.910191	3332.719313	3
3348.910191	3332.719313	3
4768.270774	3332.719313	3
4768.270774	3383.439313	3
4785.351357	3383.439313	3
4803.361357	3383.439313	3
4803.361357	4786.439313	3
4803.361357	4786.439313	3
4803.361357	4786.439313	3
4803.361357	4786.439313	3
4803.361357	4786.439313	3
4803.361357	4786.439313	3
4803.361357	4786.439313	3
4803.361357	4786.439313	3
0	0	27
0	0	27
0	0	27
61.980000000000004	0	27
77.41000000000001	0	27
129.38	0	27
151.743	0	27
151.743	153	27
151.743	153	27
151.743	153	27
151.743	153	27
151.743	153	27
151.743	161	27
151.743	161	27
151.743	161	27
151.743	161	27
151.743	161	27
151.743	161	27
151.743	161	27
151.743	161	27
151.743	161	27
151.743	161	27
151.743	161	27
151.743	161	27
1524.0237949999998	161	27
1524.0237949999998	187.46000000000004	27
1524.0237949999998	187.46000000000004	27
1524.0237949999998	220.34000000000015	27
1524.0237949999998	1555.3400000000001	27
1524.0237949999998	1555.3400000000001	27
1524.0237949999998	1555.3400000000001	27
1524.0237949999998	1555.3400000000001	27
1524.0237949999998	1555.3400000000001	27
1524.0237949999998	1555.3400000000001	27
3731.48459	1555.3400000000001	27
4100.48459	1555.3400000000001	27
4100.48459	1555.3400000000001	27
0	0	28
0	0	28
0	0	28
15.43	0	28
17.59002	0	28
25.75002	0	28
28.510706999999996	0	28
47.620706999999996	0	28
51.02108199999999	0	28
94.201082	0	28
96.280061	0	28
96.280061	33.769999999999996	28
98.360061	33.769999999999996	28
98.360061	63.959999999999994	28
100.440061	63.959999999999994	28
108.51006100000001	63.959999999999994	28
110.390769	63.959999999999994	28
133.020769	63.959999999999994	28
140.940769	63.959999999999994	28
180.990769	63.959999999999994	28
187.150769	63.959999999999994	28
222.930769	63.959999999999994	28
229.010935	63.959999999999994	28
278.430935	63.959999999999994	28
280.35093499999994	63.959999999999994	28
313.0509349999999	63.959999999999994	28
315.1309349999999	63.959999999999994	28
367.7709349999999	63.959999999999994	28
374.2909349999999	63.959999999999994	28
468.8909349999999	63.959999999999994	28
470.7717469999999	63.959999999999994	28
547.9917469999999	63.959999999999994	28
554.591872	63.959999999999994	28
669.551872	63.959999999999994	28
671.471872	63.959999999999994	28
723.8718719999999	63.959999999999994	28
725.6718719999999	63.959999999999994	28
760.6618719999999	63.959999999999994	28
767.3426839999998	63.959999999999994	28
861.0226839999998	63.959999999999994	28
872.9028709999998	63.959999999999994	28
1029.1028709999998	63.959999999999994	28
1035.3828709999998	63.959999999999994	28
1138.512871	63.959999999999994	28
1140.2737659999998	63.959999999999994	28
1233.163766	63.959999999999994	28
1238.923766	63.959999999999994	28
1303.6937659999999	63.959999999999994	28
1305.573786	63.959999999999994	28
1338.973786	63.959999999999994	28
1341.493786	63.959999999999994	28
1360.433786	63.959999999999994	28
1362.8343690000002	63.959999999999994	28
1406.0043690000002	63.959999999999994	28
1412.4450140000001	63.959999999999994	28
1465.9350140000001	63.959999999999994	28
1473.0952430000002	63.959999999999994	28
1501.8352430000002	63.959999999999994	28
1504.8757220000002	63.959999999999994	28
1504.8757220000002	84.04999999999991	28
1511.9157220000002	84.04999999999991	28
1536.9657220000001	84.04999999999991	28
1542.6457220000002	84.04999999999991	28
1592.7457220000001	84.04999999999991	28
1601.825722	84.04999999999991	28
1623.365722	84.04999999999991	28
1625.725722	84.04999999999991	28
1682.205722	84.04999999999991	28
1684.2058049999998	84.04999999999991	28
1753.875805	84.04999999999991	28
1755.795805	84.04999999999991	28
1823.885805	84.04999999999991	28
1825.6458049999999	84.04999999999991	28
1951.545805	84.04999999999991	28
1957.985992	84.04999999999991	28
2013.715992	84.04999999999991	28
2020.355992	84.04999999999991	28
2051.605992	84.04999999999991	28
2061.4063459999998	84.04999999999991	28
2082.4663459999997	84.04999999999991	28
2084.107033	84.04999999999991	28
2131.3270329999996	84.04999999999991	28
2137.4876159999994	84.04999999999991	28
2164.6376159999995	84.04999999999991	28
2166.3175739999997	84.04999999999991	28
2212.407574	84.04999999999991	28
2218.0075939999997	84.04999999999991	28
2259.347594	84.04999999999991	28
2261.0275939999997	84.04999999999991	28
2342.617594	84.04999999999991	28
2344.258198	84.04999999999991	28
2409.418198	84.04999999999991	28
2410.858198	84.04999999999991	28
2479.878198	84.04999999999991	28
2485.5581979999997	84.04999999999991	28
2512.2981979999995	84.04999999999991	28
2518.0184889999996	84.04999999999991	28
2614.1784889999994	84.04999999999991	28
2620.4584889999996	84.04999999999991	28
2649.9284889999994	84.04999999999991	28
2652.5284889999994	84.04999999999991	28
2652.5284889999994	120.31000000000013	28
2655.8485089999995	120.31000000000013	28
2660.9385089999996	120.31000000000013	28
2662.6191129999997	120.31000000000013	28
2671.729113	120.31000000000013	28
2677.649113	120.31000000000013	28
2679.879113	120.31000000000013	28
2681.839113	120.31000000000013	28
2708.269113	120.31000000000013	28
2713.549925	120.31000000000013	28
2743.3599249999997	120.31000000000013	28
2743.3599249999997	120.31000000000013	28
2743.3599249999997	120.31000000000013	28
0	0	29
0	0	29
0	0	29
7.707002	0	29
51.766611000000005	0	29
63.16199100000001	0	29
698.613003	0	29
698.613003	697	29
698.613003	697	29
1203.343003	697	29
1222.081643	697	29
1267.321643	697	29
1274.817233	697	29
1365.297233	697	29
1419.7343190000001	697	29
1419.7343190000001	1415	29
1419.7343190000001	1415	29
2168.0063090000003	1415	29
2365.7763090000003	1415	29
0	0	30
0	0	30
0	0	30
0	0	30
0	0	30
0	0	30
0	0	30
0	0	4
0	0	4
0	0	4
0	0	4
56.807645	0	4
56.807645	56	4
56.807645	56	4
56.807645	56	4
56.807645	56	4
1695.579238	56	4
1701.949238	56	4
1703.889675	56	4
1737.9796749999998	56	4
1739.6414559999998	56	4
1794.301456	56	4
1795.719424	56	4
1847.469424	56	4
1850.280611	56	4
1850.280611	116.28999999999996	4
1850.280611	1843.29	4
1850.280611	1843.29	4
1850.280611	1843.29	4
0	0	32
8.92	0	32
64.88	0	32
113.68077	0	32
1886.38077	0	32
1889.66079	0	32
2522.8807899999997	0	32
2522.8807899999997	2519	32
0	0	5
0	0	5
55.980000000000004	0	5
60.700041	0	5
134.080041	0	5
142.960041	0	5
666.6800410000001	0	5
675.0008740000001	0	5
675.0008740000001	674.05	5
675.0008740000001	680.05	5
675.0008740000001	680.05	5
695.3216030000001	680.05	5
695.3216030000001	700.05	5
695.3216030000001	700.05	5
695.3216030000001	700.05	5
695.3216030000001	700.05	5
3271.3216030000003	700.05	5
3271.3216030000003	700.05	5
0	0	34
0	0	34
1307	0	34
1395.3	0	34
1395.3	1395	34
3971.3	1395	34
3971.3	1395	34
3971.3	3971	34
0	0	35
0	0	36
0	49.5	36
16.173374999999965	49.5	36
16.173374999999965	120.56	36
91.42750000000001	120.56	36
100.88181199999997	120.56	36
100.88181199999997	179.32	36
106.854874	179.32	36
106.854874	239.64	36
106.854874	239.64	36
106.854874	768.64	36
106.854874	768.64	36
106.854874	768.64	36
804.707936	768.64	36
804.707936	810.3199999999999	36
804.707936	810.3199999999999	36
804.707936	1484.32	36
804.707936	1484.32	36
1333.9620610000002	1484.32	36
1333.9620610000002	2013.32	36
1333.9620610000002	2013.32	36
2010.4552170000002	2013.32	36
2136.665217	2013.32	36
2136.665217	2013.32	36
2136.665217	2848.3199999999997	36
2136.665217	2848.3199999999997	36
3097.478279	2848.3199999999997	36
3097.478279	3808.3199999999997	36
3097.478279	3808.3199999999997	36
4234.97156	3808.3199999999997	36
4234.97156	3851.62	36
4234.97156	3851.62	36
4234.97156	4960.62	36
4234.97156	4960.62	36
5550.583966	4960.62	36
5550.583966	6275.62	36
5550.583966	6275.62	36
6883.1973720000005	6275.62	36
6883.1973720000005	6319.16	36
6905.929653000001	6319.16	36
6905.929653000001	6383.3	36
6913.622278000001	6383.3	36
6913.622278000001	6430.18	36
6924.675590000001	6430.18	36
6931.095590000001	6430.18	36
7098.908652000001	6430.18	36
7098.908652000001	7819.18	36
7098.908652000001	7819.18	36
8529.681777000002	7819.18	36
8529.681777000002	9249.18	36
8529.681777000002	9249.18	36
10281.854558	9249.18	36
10281.854558	11001.18	36
10281.854558	11001.18	36
12190.428558000001	11001.18	36
12190.428558000001	12909.18	36
12190.428558000001	12909.18	36
12190.428558000001	12909.18	36
12212.789203000002	12909.18	36
12251.082828000002	12909.18	36
12251.082828000002	12969.18	36
12251.082828000002	12969.18	36
12251.082828000002	12969.18	36
12780.336953000002	12969.18	36
12780.336953000002	13498.18	36
12780.336953000002	13498.18	36
13309.591078000001	13498.18	36
13309.845203	13498.18	36
13455.299578	13498.18	36
0	0	37
2576	0	37
2576	0	37
0	0	39
0	0	39
1.360208	0	39
1.360208	1	39
1.360208	1	39
1.360208	1	39
259.520437	1	39
310.65178000000003	1	39
380.372634	1	39
597.9040090000001	1	39
597.9040090000001	596	39
597.9040090000001	596	39
597.9040090000001	596	39
1652.105863	596	39
1690.958519	596	39
1693.158623	596	39
1693.158623	868.69	39
1695.878977	868.69	39
1756.698977	868.69	39
1756.698977	868.69	39
1756.698977	1759.69	39
1756.698977	1759.69	39
1756.698977	1759.69	39
1756.698977	1759.69	39
1764.6204970000001	1759.69	39
2592.830497	1759.69	39
2595.991622	1759.69	39
2742.531622	1759.69	39
2744.45183	1759.69	39
2917.6318300000003	1759.69	39
2920.2730380000003	1759.69	39
3269.368663	1759.69	39
3269.368663	1822.27	39
3275.5812560000004	1822.27	39
3301.2512560000005	1822.27	39
3301.2512560000005	1822.27	39
3301.2512560000005	3313.27	39
3301.2512560000005	3313.27	39
5877.2512560000005	3313.27	39
5877.2512560000005	3313.27	39
5878.061256000001	3313.27	39
5878.061256000001	3696.2	39
5894.914662000001	3696.2	39
5944.964662000001	3696.2	39
5949.258912000001	3696.2	39
6007.818912000001	3696.2	39
6010.792349000001	3696.2	39
6054.502349000001	3696.2	39
6086.039630000001	3696.2	39
6086.039630000001	4299.5	39
6096.935067000001	4299.5	39
6096.935067000001	4426.88	39
6102.389817000001	4426.88	39
6102.389817000001	4518.08	39
6105.764910000002	4518.08	39
6105.764910000002	4565.42	39
6107.738285000001	4565.42	39
6107.738285000001	4652.58	39
6107.738285000001	6108.58	39
6107.738285000001	6108.58	39
7598.990566000001	6108.58	39
7598.990566000001	7599.58	39
7598.990566000001	7599.58	39
7598.990566000001	7599.58	39
7621.1913570000015	7599.58	39
9406.781357000002	7599.58	39
9416.301961000001	7599.58	39
9416.301961000001	7722.59	39
9424.782211000002	7722.59	39
9424.782211000002	7875.46	39
9427.222981	7875.46	39
9427.222981	7939.84	39
9430.703043000001	7939.84	39
9430.703043000001	8011.68	39
9441.903855	8011.68	39
9469.263855000001	8011.68	39
9472.224730000002	8011.68	39
9494.894730000002	8011.68	39
9509.147011000001	8011.68	39
9509.147011000001	9502.68	39
9509.147011000001	9502.68	39
9509.147011000001	9502.68	39
9509.147011000001	9502.68	39
9514.668969	9502.68	39
11395.108969	9502.68	39
11404.469656000001	9502.68	39
11543.089656	9502.68	39
11543.089656	11534.68	39
0	0	40
0	0	40
0	0	40
0	0	40
0	0	40
0	0	40
25.40077	0	40
25.40077	25	40
25.40077	25	40
25.40077	25	40
2601.40077	25	40
2601.40077	25	40
2601.40077	2601	40
2601.40077	2601	40
2601.40077	2601	40
2601.40077	2601	40
0	0	43
13.16	0	43
304.05248900000004	0	43
424.21249800000004	0	43
424.21249800000004	133.7	43
476.265841	133.7	43
808.985841	133.7	43
813.0389660000001	133.7	43
813.0389660000001	352.28999999999996	43
825.371247	352.28999999999996	43
838.0912470000001	352.28999999999996	43
841.7855900000001	352.28999999999996	43
860.3355900000001	352.28999999999996	43
863.2735270000001	352.28999999999996	43
879.193527	352.28999999999996	43
0	0	9
0	0	9
0	0	9
0	81	9
0	81	9
0	81	9
25.52	81	9
25.52	106	9
25.52	106	9
25.52	106	9
25.52	106	9
641.36	106	9
641.36	587.59	9
649.6	587.59	9
805.23	587.59	9
808.23	587.59	9
1062.85	587.59	9
1066.4899999999998	587.59	9
1185.6599999999999	587.59	9
1231.10025	587.59	9
1231.10025	712.3000000000001	9
1591.98025	712.3000000000001	9
1756.6702500000001	712.3000000000001	9
1761.47025	712.3000000000001	9
1952.6302500000002	712.3000000000001	9
1956.4302500000001	712.3000000000001	9
2040.4102500000001	712.3000000000001	9
2050.3705410000002	712.3000000000001	9
2726.490541	712.3000000000001	9
2726.490541	2797.3	9
2730.090811	2797.3	9
2971.630811	2797.3	9
2980.0713729999998	2797.3	9
3243.491373	2797.3	9
5304.491373	2797.3	9
5304.491373	2797.3	9
5304.491373	5373.3	9
5308.9316229999995	5373.3	9
5601.561623	5373.3	9
5601.561623	5669.3	9
8177.561623	5669.3	9
8177.561623	5669.3	9
0	0	44
129.472	0	44
129.472	76.25999999999999	44
134.393	76.25999999999999	44
135.263	76.25999999999999	44
138.13400000000001	76.25999999999999	44
150.264	76.25999999999999	44
152.58100000000002	76.25999999999999	44
161.14100000000002	76.25999999999999	44
161.14100000000002	156.26	44
161.14100000000002	156.26	44
161.14100000000002	156.26	44
161.14100000000002	156.26	44
161.14100000000002	156.26	44
639.8810000000001	156.26	44
639.8810000000001	195.51999999999998	44
639.8810000000001	633.52	44
639.8810000000001	633.52	44
639.8810000000001	633.52	44
639.8810000000001	633.52	44
1078.881	633.52	44
1120.351	633.52	44
1121.351	633.52	44
1121.351	668.8199999999999	44
1121.351	1113.82	44
1121.351	1113.82	44
1121.351	1113.82	44
1123.5120000000002	1113.82	44
1275.102	1113.82	44
1276.756	1113.82	44
1342.4160000000002	1113.82	44
1345.8870000000002	1113.82	44
1399.1870000000001	1113.82	44
1400.518	1113.82	44
1451.978	1113.82	44
2668.334	1113.82	44
2718.594	1113.82	44
2720.4170000000004	1113.82	44
2796.1870000000004	1113.82	44
2797.474	1113.82	44
2887.6540000000005	1113.82	44
2890.1410000000005	1113.82	44
2890.1410000000005	1292.99	44
2892.2490000000007	1292.99	44
2936.2890000000007	1292.99	44
2936.2890000000007	2920.99	44
2936.2890000000007	2920.99	44
4854.320000000001	2920.99	44
4856.470000000001	2920.99	44
4856.470000000001	2941.71	44
4878.783000000001	2941.71	44
4878.783000000001	4862.71	44
4883.084000000002	4862.71	44
6531.464000000002	4862.71	44
6533.285000000002	4862.71	44
6682.1950000000015	4862.71	44
6687.396000000002	4862.71	44
6738.946000000002	4862.71	44
6740.367000000002	4862.71	44
6740.367000000002	4917.609	44
6756.667000000002	4917.609	44
6756.667000000002	4931.219	44
6772.868000000002	4931.219	44
6795.5080000000025	4931.219	44
6796.639000000003	4931.219	44
6799.759000000003	4931.219	44
6801.090000000003	4931.219	44
6803.690000000002	4931.219	44
6846.020000000002	4931.219	44
6846.020000000002	4969.868	44
6887.067000000003	4969.868	44
6913.217000000002	4969.868	44
6914.988000000002	4969.868	44
6914.988000000002	4991.588000000001	44
6917.195000000002	4991.588000000001	44
6943.295000000002	4991.588000000001	44
6944.594000000002	4991.588000000001	44
6974.994000000002	4991.588000000001	44
6980.495000000003	4991.588000000001	44
7045.445000000002	4991.588000000001	44
7089.975000000002	4991.588000000001	44
7089.975000000002	5033.586000000001	44
7133.708000000002	5033.586000000001	44
7133.708000000002	5077.636000000001	44
7138.139000000003	5077.636000000001	44
7138.139000000003	5150.236000000001	44
7140.090000000003	5150.236000000001	44
7209.040000000003	5150.236000000001	44
7484.710000000003	5150.236000000001	44
7484.710000000003	5202.995000000001	44
7539.551000000003	5202.995000000001	44
7560.081000000004	5202.995000000001	44
7561.492000000004	5202.995000000001	44
7599.282000000004	5202.995000000001	44
7601.133000000003	5202.995000000001	44
7601.133000000003	5213.645	44
7826.133000000003	5213.645	44
7826.133000000003	5213.645	44
0	0	45
0	0	10
0	0	10
25.321499999999986	0	10
25.321499999999986	169	10
25.321499999999986	169	10
25.321499999999986	169	10
25.321499999999986	169	10
0	0	11
1006.213541	0	11
1314.663541	0	11
1395.9635409999999	0	11
1883.863541	0	11
1910.310645	0	11
1934.920645	0	11
1995.320645	0	11
2049.2123739999997	0	11
2089.6223739999996	0	11
2116.9446239999997	0	11
2145.9146239999995	0	11
2179.0349149999997	0	11
2219.934915	0	11
2229.788581	0	11
2270.308581	0	11
2389.808581	0	11
0	0	12
0	0	12
0	0	12
0	0	12
0	0	12
2202.49	0	12
2233.4101039999996	0	12
2233.4101039999996	164.94999999999982	12
2236.9703539999996	164.94999999999982	12
2236.9703539999996	230.40999999999985	12
2239.9306449999995	230.40999999999985	12
2239.9306449999995	332.5799999999999	12
2239.9306449999995	2236.58	12
2239.9306449999995	2236.58	12
2245.6906449999997	2236.58	12
2748.4006449999997	2236.58	12
2750.861645	2236.58	12
3650.241645	2236.58	12
3652.401645	2236.58	12
3652.401645	2318.18	12
3652.401645	3646.18	12
3652.401645	3646.18	12
4986.441645	3646.18	12
5737.361645	3646.18	12
5741.5026450000005	3646.18	12
5741.5026450000005	3850.42	12
6434.5026450000005	3850.42	12
6434.5026450000005	3850.42	12
6434.5026450000005	6426.42	12
6436.483645	6426.42	12
8344.683645000001	6426.42	12
8347.263645	6426.42	12
8347.263645	6445.56	12
8368.903645	6445.56	12
8368.903645	6636.72	12
8372.584645	6636.72	12
8372.584645	6993.110000000001	12
8479.125645	6993.110000000001	12
8479.125645	7049.880000000001	12
8487.586645	7049.880000000001	12
8487.586645	7154.890000000001	12
8487.586645	8471.890000000001	12
8487.586645	8471.890000000001	12
8487.586645	8471.890000000001	12
8487.586645	8471.890000000001	12
10267.006645	8471.890000000001	12
10267.006645	8485.93	12
10269.987645	8485.93	12
10269.987645	8531.09	12
11125.987645	8531.09	12
11125.987645	8531.09	12
11125.987645	11107.09	12
0	0	48
0	0	48
0	0	48
0	0	48
0	0	48
0	0	48
26.05	0	48
26.05	0	48
91.08	0	48
92.08	0	48
92.08	60.01	48
93.08	60.01	48
141.69	60.01	48
141.69	60.01	48
179.5	60.01	48
179.5	60.01	48
227.93	60.01	48
227.93	60.01	48
279.45000000000005	60.01	48
279.45000000000005	60.01	48
327.59000000000003	60.01	48
328.59000000000003	60.01	48
379.82000000000005	60.01	48
379.82000000000005	60.01	48
379.82000000000005	109.39999999999998	48
380.82000000000005	109.39999999999998	48
422.11000000000007	109.39999999999998	48
422.11000000000007	109.39999999999998	48
470.0200000000001	109.39999999999998	48
471.0200000000001	109.39999999999998	48
516.0700000000002	109.39999999999998	48
517.0700000000002	109.39999999999998	48
557.8000000000002	109.39999999999998	48
558.8000000000002	109.39999999999998	48
614.0900000000001	109.39999999999998	48
614.0900000000001	109.39999999999998	48
665.4700000000001	109.39999999999998	48
666.4700000000001	109.39999999999998	48
745.7300000000001	109.39999999999998	48
746.7300000000001	109.39999999999998	48
811.9700000000001	109.39999999999998	48
811.9700000000001	109.39999999999998	48
880.6700000000002	109.39999999999998	48
881.6700000000002	109.39999999999998	48
950.8200000000002	109.39999999999998	48
951.8200000000002	109.39999999999998	48
951.8200000000002	110.25	48
952.8200000000002	110.25	48
952.8200000000002	111.10000000000002	48
953.8200000000002	111.10000000000002	48
1015.4800000000001	111.10000000000002	48
1016.4800000000001	111.10000000000002	48
1092.54	111.10000000000002	48
1092.54	111.10000000000002	48
1157.59	111.10000000000002	48
1158.59	111.10000000000002	48
1227.09	111.10000000000002	48
1227.09	111.10000000000002	48
1299.52	111.10000000000002	48
1300.52	111.10000000000002	48
1352.04	111.10000000000002	48
1353.04	111.10000000000002	48
1401.18	111.10000000000002	48
1402.18	111.10000000000002	48
1446.47	111.10000000000002	48
1446.47	111.10000000000002	48
1490.9	111.10000000000002	48
1490.9	111.10000000000002	48
1532.01	111.10000000000002	48
1533.01	111.10000000000002	48
1533.01	164.08000000000004	48
1534.01	164.08000000000004	48
1550.39	164.08000000000004	48
1551.39	164.08000000000004	48
1568.13	164.08000000000004	48
1568.13	164.08000000000004	48
1585.24	164.08000000000004	48
1585.24	164.08000000000004	48
1622.55	164.08000000000004	48
1622.55	164.08000000000004	48
1646.1699999999998	164.08000000000004	48
1646.1699999999998	164.08000000000004	48
1666.62	164.08000000000004	48
1667.62	164.08000000000004	48
1708.75	164.08000000000004	48
1709.75	164.08000000000004	48
1740.13	164.08000000000004	48
1741.13	164.08000000000004	48
1775.24	164.08000000000004	48
1776.24	164.08000000000004	48
1810.08	164.08000000000004	48
1811.08	164.08000000000004	48
1845.6499999999999	164.08000000000004	48
1846.6499999999999	164.08000000000004	48
1891.36	164.08000000000004	48
1892.36	164.08000000000004	48
1961.53	164.08000000000004	48
1961.53	164.08000000000004	48
2002.37	164.08000000000004	48
2003.37	164.08000000000004	48
2030.9899999999998	164.08000000000004	48
2031.9899999999998	164.08000000000004	48
2069.8199999999997	164.08000000000004	48
2069.8199999999997	164.08000000000004	48
2111.3199999999997	164.08000000000004	48
2111.3199999999997	164.08000000000004	48
2149.0199999999995	164.08000000000004	48
2150.0199999999995	164.08000000000004	48
2180.9699999999993	164.08000000000004	48
2180.9699999999993	164.08000000000004	48
2219.129999999999	164.08000000000004	48
2220.129999999999	164.08000000000004	48
2260.959999999999	164.08000000000004	48
2260.959999999999	164.08000000000004	48
2288.5699999999993	164.08000000000004	48
2289.5699999999993	164.08000000000004	48
2320.439999999999	164.08000000000004	48
2321.439999999999	164.08000000000004	48
2366.4499999999994	164.08000000000004	48
2367.4499999999994	164.08000000000004	48
2401.189999999999	164.08000000000004	48
2402.189999999999	164.08000000000004	48
2454.019999999999	164.08000000000004	48
2454.019999999999	164.08000000000004	48
2488.579999999999	164.08000000000004	48
2489.579999999999	164.08000000000004	48
2530.809999999999	164.08000000000004	48
2530.809999999999	164.08000000000004	48
2564.769999999999	164.08000000000004	48
2564.769999999999	164.08000000000004	48
2592.509999999999	164.08000000000004	48
2593.509999999999	164.08000000000004	48
2617.559999999999	164.08000000000004	48
2618.559999999999	164.08000000000004	48
2652.3399999999992	164.08000000000004	48
2652.3399999999992	164.08000000000004	48
2683.379999999999	164.08000000000004	48
2683.379999999999	164.08000000000004	48
2710.1999999999994	164.08000000000004	48
2710.1999999999994	164.08000000000004	48
2741.2699999999995	164.08000000000004	48
2742.2699999999995	164.08000000000004	48
2743.0799999999995	164.08000000000004	48
2743.8899999999994	164.08000000000004	48
2743.8899999999994	213.63000000000022	48
2743.8899999999994	2739.63	48
4050.8899999999994	2739.63	48
4050.8899999999994	2739.63	48
4050.8899999999994	4046.63	48
5357.889999999999	4046.63	48
5357.889999999999	5319.9400000000005	48
5357.889999999999	5352.9400000000005	48
5412.589999999999	5352.9400000000005	48
5483.589999999999	5352.9400000000005	48
5483.589999999999	5352.9400000000005	48
5647.889999999999	5352.9400000000005	48
5647.889999999999	5641.9400000000005	48
0	0	51
0	0	51
0	0	51
0	172.04	51
1	172.04	51
1	177.94	51
1	196.94	51
2577	196.94	51
2577	196.94	51
2577	2772.94	51
5153	2772.94	51
5153	2772.94	51
5153	5348.9400000000005	51
7684.528236	5348.9400000000005	51
7684.528236	7879.9400000000005	51
7684.528236	7879.9400000000005	51
7684.528236	7879.9400000000005	51
7684.528236	7879.9400000000005	51
7684.528236	7879.9400000000005	51
7684.528236	7879.9400000000005	51
7684.528236	7879.9400000000005	51
7684.528236	7879.9400000000005	51
7689.725271	7879.9400000000005	51
7700.355271	7879.9400000000005	51
9761.755271	7879.9400000000005	51
9778.370372	7879.9400000000005	51
9778.370372	7908.290000000001	51
9780.273027	7908.290000000001	51
9780.273027	7963.880000000001	51
9783.089116	7963.880000000001	51
9783.089116	8023.040000000001	51
9788.940399	8023.040000000001	51
9788.940399	8033.330000000001	51
9790.525477	8033.330000000001	51
9790.525477	8036.880000000001	51
9791.947070999999	8036.880000000001	51
9810.337070999998	8036.880000000001	51
9812.063861999999	8036.880000000001	51
9821.873861999999	8036.880000000001	51
9823.460066999998	8036.880000000001	51
9868.410066999999	8036.880000000001	51
9877.357982999998	8036.880000000001	51
10431.167982999998	8036.880000000001	51
10431.167982999998	8036.880000000001	51
10431.167982999998	8036.880000000001	51
10431.977982999997	8036.880000000001	51
10431.977982999997	8089.9000000000015	51
10441.180312999997	8089.9000000000015	51
10450.530312999997	8089.9000000000015	51
10457.808000999998	8089.9000000000015	51
10457.808000999998	8662.62	51
10460.110325999998	8662.62	51
10520.900325999999	8662.62	51
10522.597668999999	8662.62	51
10571.007668999999	8662.62	51
10571.007668999999	10747.62	51
12685.130365999998	10747.62	51
12685.130365999998	11005.41	51
12689.892635999997	11005.41	51
12699.992635999997	11005.41	51
12702.185829999997	11005.41	51
12714.175829999996	11005.41	51
12723.860504999997	11005.41	51
12736.690504999997	11005.41	51
12739.746833999998	11005.41	51
12768.826833999998	11005.41	51
12772.840525999998	11005.41	51
12807.120525999999	11005.41	51
12809.792540999999	11005.41	51
12832.382540999999	11005.41	51
12840.464391999998	11005.41	51
12905.984391999998	11005.41	51
12908.294907	11005.41	51
13000.574907	11005.41	51
13217.074907	11005.41	51
13279.318722	11005.41	51
13289.848722	11005.41	51
13292.767738	11005.41	51
13294.767738	11005.41	51
13295.462581	11005.41	51
13302.402581	11005.41	51
13305.04888	11005.41	51
13324.828880000001	11005.41	51
13348.336682000001	11005.41	51
13348.336682000001	11861.1	51
13349.790442000001	11861.1	51
13488.010442	11861.1	51
13489.663145	11861.1	51
13544.453145	11861.1	51
13546.033793999999	11861.1	51
13608.333793999998	11861.1	51
13610.980800999998	11861.1	51
13657.900800999998	11861.1	51
13659.534094999997	11861.1	51
13669.874094999997	11861.1	51
13671.783470999997	11861.1	51
13709.323470999996	11861.1	51
13709.323470999996	13866.1	51
13709.323470999996	13866.1	51
13709.323470999996	13866.1	51
0	0	52
0	0	52
0	0	52
0	0	52
0	0	52
0	0	52
0	0	52
300.640145	0	52
300.640145	44.75	52
309.200145	44.75	52
339.650145	44.75	52
346.73033200000003	44.75	52
346.73033200000003	344.75	52
683.3819880000001	344.75	52
683.3819880000001	680.75	52
1155.1425920000001	680.75	52
1155.1425920000001	698.55	52
1227.702675	698.55	52
1227.702675	739.0999999999999	52
1229.302675	739.0999999999999	52
1229.302675	752.6099999999999	52
1230.542675	752.6099999999999	52
1230.542675	771.4099999999999	52
1231.822675	771.4099999999999	52
1231.822675	789.5699999999999	52
1234.742675	789.5699999999999	52
1282.192675	789.5699999999999	52
1282.192675	1273.57	52
1284.472695	1273.57	52
1614.122695	1273.57	52
1615.882695	1273.57	52
1747.5026950000001	1273.57	52
1749.2626950000001	1273.57	52
1794.022695	1273.57	52
1796.1028820000001	1273.57	52
1796.1028820000001	1295.6399999999999	52
1803.142882	1295.6399999999999	52
1803.142882	1402.4199999999998	52
1817.422882	1402.4199999999998	52
1866.152882	1402.4199999999998	52
1868.032882	1402.4199999999998	52
1916.3828819999999	1402.4199999999998	52
1922.742882	1402.4199999999998	52
2000.432882	1402.4199999999998	52
2820.1928820000003	1402.4199999999998	52
2820.1928820000003	1435.8799999999999	52
2826.473382	1435.8799999999999	52
2866.163382	1435.8799999999999	52
2866.163382	2846.88	52
4173.163382000001	2846.88	52
4261.463382000001	2846.88	52
4468.983382	2846.88	52
4468.983382	2905.2200000000003	52
4468.983382	2905.2200000000003	52
4468.983382	4454.22	52
4468.983382	4454.22	52
6028.343423	4454.22	52
6403.316548000001	4454.22	52
7046.316548000001	4454.22	52
7046.316548000001	4454.22	52
0	0	53
8.24	0	53
122.339354	0	53
175.18935399999998	0	53
200.01868699999997	0	53
263.868687	0	53
281.91152	0	53
326.98152	0	53
354.431686	0	53
385.84168600000004	0	53
394.02251900000005	0	53
463.47251900000003	0	53
470.418352	0	53
530.098352	0	53
547.961768	0	53
631.141768	0	53
639.171601	0	53
718.571601	0	53
729.342767	0	53
802.282767	0	53
807.5421	0	53
879.0121	0	53
887.278766	0	53
969.2287660000001	0	53
1090.4587660000002	0	53
1090.4587660000002	0	53
1155.068766	0	53
1163.514682	0	53
1275.704682	0	53
1333.544682	0	53
1342.2763479999999	0	53
1399.6463479999998	0	53
1488.4563479999997	0	53
1488.4563479999997	64.24000000000001	53
1488.4563479999997	1478.24	53
2917.738931	1478.24	53
2917.738931	1504.8700000000001	53
2920.878014	1504.8700000000001	53
2939.318014	1504.8700000000001	53
2952.5195139999996	1504.8700000000001	53
2963.8095139999996	1504.8700000000001	53
3003.5095139999994	1504.8700000000001	53
3003.5095139999994	1535.571417	53
3003.5095139999994	2990.571417	53
4506.203347	2990.571417	53
4590.923347	2990.571417	53
4599.02193	2990.571417	53
4633.93193	2990.571417	53
4640.3918459999995	2990.571417	53
4730.511845999999	2990.571417	53
4736.900261999999	2990.571417	53
4802.510261999999	2990.571417	53
4810.9240949999985	2990.571417	53
4891.044094999998	2990.571417	53
4903.152510999998	2990.571417	53
4954.302510999998	2990.571417	53
4976.053760999998	2990.571417	53
5021.363760999999	2990.571417	53
5038.9264269999985	2990.571417	53
5094.006426999998	2990.571417	53
5112.341842999998	2990.571417	53
5190.671842999998	2990.571417	53
5257.621842999998	2990.571417	53
5257.621842999998	3047.450667	53
5321.198425999998	3047.450667	53
5385.3784259999975	3047.450667	53
5390.426675999997	3047.450667	53
5419.756675999997	3047.450667	53
5450.079091999997	3047.450667	53
5500.689091999997	3047.450667	53
5500.689091999997	3047.450667	53
5540.749091999996	3047.450667	53
5578.029091999997	3047.450667	53
5578.029091999997	3097.120667	53
5696.029091999997	3097.120667	53
5696.029091999997	3097.120667	53
5696.029091999997	5673.120667	53
5696.029091999997	5673.120667	53
6007.029091999997	5673.120667	53
6129.029091999997	5673.120667	53
6217.029091999997	5673.120667	53
7209.029091999997	5673.120667	53
7246.029091999997	5673.120667	53
0	0	54
0	0	54
0	0	54
0	0	54
0	0	54
10.56	0	54
10.56	10	54
87.52002	10	54
87.52002	86	54
87.52002	86	54
87.52002	86	54
87.52002	86	54
126.720082	86	54
1042.740082	86	54
1048.780332	86	54
1393.550332	86	54
1471.630332	86	54
1495.110332	86	54
1498.070332	86	54
1498.070332	125.72000000000003	54
1562.990832	125.72000000000003	54
1562.990832	203.32999999999993	54
1566.990832	203.32999999999993	54
1584.210832	203.32999999999993	54
1704.611498	203.32999999999993	54
2785.611498	203.32999999999993	54
2785.611498	203.32999999999993	54
2785.611498	2779.33	54
0	0	55
0	0	55
9.32	0	55
9.32	9	55
9.32	9	55
10.920062	9	55
10.920062	10	55
11.960436999999999	10	55
11.960436999999999	11	55
11.960436999999999	11	55
11.960436999999999	11	55
483.240437	11	55
483.240437	58.31999999999999	55
530.200437	58.31999999999999	55
530.200437	103.63999999999999	55
530.200437	526.64	55
530.200437	526.64	55
1061.12077	526.64	55
1061.12077	560.03	55
1064.12077	560.03	55
1064.12077	583.26	55
1065.60077	583.26	55
1065.60077	604.3199999999999	55
1126.800936	604.3199999999999	55
1282.050936	604.3199999999999	55
1282.050936	1274.32	55
1947.2509360000001	1274.32	55
1947.2509360000001	1650.02	55
1958.4112060000002	1650.02	55
2134.181206	1650.02	55
2134.181206	1650.02	55
2134.181206	2146.02	55
2134.181206	2146.02	55
2810.0212060000003	2146.02	55
2810.0212060000003	2248.01	55
3189.1816430000003	2248.01	55
3189.1816430000003	2293.61	55
3593.542163	2293.61	55
3593.542163	2370.7700000000004	55
3593.542163	3106.09	55
3593.542163	3106.09	55
3593.542163	3602.09	55
3593.542163	3602.09	55
4900.542163	3602.09	55
4900.542163	3966.4900000000002	55
5265.542163	3966.4900000000002	55
5269.78285	3966.4900000000002	55
5269.78285	4148.83	55
5356.103308	4148.83	55
5451.3433079999995	4148.83	55
5459.663307999999	4148.83	55
5486.6333079999995	4148.83	55
5489.874078	4148.83	55
5505.204078	4148.83	55
6720.204078	4148.83	55
6720.204078	4148.83	55
6720.204078	6724.83	55
